,0
0,0.001
1,0.001
2,0.001
3,0.001
4,0.001
5,0.001
6,0.001
7,0.001
8,0.001
9,0.001
10,0.001
11,0.001
12,0.001
13,0.001
14,0.001
15,0.001
16,0.001
17,0.001
18,0.001
19,0.001
20,0.001
21,0.001
22,0.001
23,0.001
24,0.001
25,0.001
26,0.001
27,0.001
28,0.001
29,0.001
30,0.001
31,0.001
32,0.001
33,0.001
34,0.001
35,0.001
36,0.001
37,0.001
38,0.001
39,0.001
40,0.001
41,0.001
42,0.001
43,0.001
44,0.001
45,0.001
46,0.001
47,0.001
48,0.001
49,0.001
50,0.001
51,0.001
52,0.001
53,0.001
54,0.001
55,0.001
56,0.001
57,0.001
58,0.001
59,0.00080000004
60,0.00080000004
61,0.00080000004
62,0.00080000004
63,0.00080000004
64,0.00080000004
65,0.00080000004
66,0.00080000004
67,0.00080000004
68,0.00080000004
69,0.00080000004
70,0.00080000004
71,0.00080000004
72,0.00080000004
73,0.00080000004
74,0.00080000004
75,0.00080000004
76,0.00080000004
77,0.00080000004
78,0.00080000004
79,0.00080000004
80,0.00080000004
81,0.00080000004
82,0.00080000004
83,0.00080000004
84,0.00080000004
85,0.00080000004
86,0.00080000004
87,0.00080000004
88,0.00080000004
89,0.00080000004
90,0.00080000004
91,0.00080000004
92,0.00080000004
93,0.00080000004
94,0.00080000004
95,0.00080000004
96,0.00080000004
97,0.00080000004
98,0.00080000004
99,0.00080000004
100,0.00080000004
101,0.00080000004
102,0.00080000004
103,0.00080000004
104,0.00080000004
105,0.00080000004
106,0.00080000004
107,0.00080000004
108,0.00080000004
109,0.00080000004
110,0.00080000004
111,0.00080000004
112,0.00080000004
113,0.00080000004
114,0.00080000004
115,0.00080000004
116,0.00080000004
117,0.00080000004
118,0.00080000004
119,0.00080000004
120,0.00080000004
121,0.00080000004
122,0.00080000004
123,0.00080000004
124,0.00080000004
125,0.00080000004
126,0.00080000004
127,0.00080000004
128,0.00080000004
129,0.00080000004
130,0.00080000004
131,0.00080000004
132,0.00080000004
133,0.00080000004
134,0.00080000004
135,0.00080000004
136,0.00080000004
137,0.00080000004
138,0.00080000004
139,0.00080000004
140,0.00080000004
141,0.00080000004
142,0.00080000004
143,0.00080000004
144,0.00080000004
145,0.00080000004
146,0.00080000004
147,0.00080000004
148,0.00080000004
149,0.00080000004
150,0.00080000004
151,0.00080000004
152,0.00080000004
153,0.00064000004
154,0.00064000004
155,0.00064000004
156,0.00064000004
157,0.00064000004
158,0.00064000004
159,0.00064000004
160,0.00064000004
161,0.00064000004
162,0.00064000004
163,0.00064000004
164,0.00064000004
165,0.00064000004
166,0.00064000004
167,0.00064000004
168,0.00064000004
169,0.00064000004
170,0.00064000004
171,0.00064000004
172,0.00064000004
173,0.00064000004
174,0.00064000004
175,0.00064000004
176,0.00064000004
177,0.00064000004
178,0.00064000004
179,0.00064000004
180,0.00064000004
181,0.00064000004
182,0.00064000004
183,0.00064000004
184,0.00064000004
185,0.00064000004
186,0.00064000004
187,0.00064000004
188,0.00064000004
189,0.00064000004
190,0.00064000004
191,0.00064000004
192,0.00064000004
193,0.00064000004
194,0.00064000004
195,0.00064000004
196,0.00064000004
197,0.00064000004
198,0.00064000004
199,0.00064000004
200,0.00064000004
201,0.00064000004
202,0.00064000004
203,0.00064000004
204,0.00064000004
205,0.00064000004
206,0.00064000004
207,0.00064000004
208,0.00064000004
209,0.00064000004
210,0.00064000004
211,0.00064000004
212,0.00064000004
213,0.00064000004
214,0.00064000004
215,0.00064000004
216,0.00064000004
217,0.00064000004
218,0.00064000004
219,0.00064000004
220,0.00064000004
221,0.00064000004
222,0.00064000004
223,0.00064000004
224,0.00064000004
225,0.00064000004
226,0.00064000004
227,0.00064000004
228,0.00064000004
229,0.00064000004
230,0.00064000004
231,0.00064000004
232,0.00064000004
233,0.00064000004
234,0.00064000004
235,0.00064000004
236,0.00064000004
237,0.00064000004
238,0.00051200006
239,0.00051200006
240,0.00051200006
241,0.00051200006
242,0.00051200006
243,0.00051200006
244,0.00051200006
245,0.00051200006
246,0.00051200006
247,0.00051200006
248,0.00051200006
249,0.00051200006
250,0.00051200006
251,0.00051200006
252,0.00051200006
253,0.00051200006
254,0.00051200006
255,0.00051200006
256,0.00051200006
257,0.00051200006
258,0.00051200006
259,0.00051200006
260,0.00051200006
261,0.00051200006
262,0.00051200006
263,0.00051200006
264,0.00051200006
265,0.00051200006
266,0.00040960003
267,0.00040960003
268,0.00040960003
269,0.00040960003
270,0.00040960003
271,0.00040960003
272,0.00040960003
273,0.00040960003
274,0.00040960003
275,0.00040960003
276,0.00040960003
277,0.00040960003
278,0.00040960003
279,0.00040960003
280,0.00040960003
281,0.00040960003
282,0.00040960003
283,0.00040960003
284,0.00040960003
285,0.00040960003
286,0.00040960003
287,0.00040960003
288,0.00040960003
289,0.00040960003
290,0.00040960003
291,0.00040960003
292,0.00040960003
293,0.00040960003
294,0.00040960003
295,0.00040960003
296,0.00040960003
297,0.00040960003
298,0.00032768003
299,0.00032768003
300,0.00032768003
301,0.00032768003
302,0.00032768003
303,0.00032768003
304,0.00032768003
305,0.00032768003
306,0.00032768003
307,0.00032768003
308,0.00032768003
309,0.00032768003
310,0.00032768003
311,0.00032768003
312,0.00032768003
313,0.00032768003
314,0.00032768003
315,0.00032768003
316,0.00032768003
317,0.00032768003
318,0.00032768003
319,0.00026214402
320,0.00026214402
321,0.00026214402
322,0.00026214402
323,0.00026214402
324,0.00026214402
325,0.00026214402
326,0.00026214402
327,0.00026214402
328,0.00026214402
329,0.00026214402
330,0.00026214402
331,0.00026214402
332,0.00026214402
333,0.00026214402
334,0.00026214402
335,0.00026214402
336,0.00026214402
337,0.00026214402
338,0.00026214402
339,0.00026214402
340,0.00026214402
341,0.00026214402
342,0.00026214402
343,0.00026214402
344,0.00026214402
345,0.00026214402
346,0.00026214402
347,0.00026214402
348,0.00026214402
349,0.00026214402
350,0.00026214402
351,0.00026214402
352,0.00026214402
353,0.00026214402
354,0.00026214402
355,0.00026214402
356,0.00026214402
357,0.00026214402
358,0.00020971522
359,0.00020971522
360,0.00020971522
361,0.00020971522
362,0.00020971522
363,0.00020971522
364,0.00020971522
365,0.00020971522
366,0.00020971522
367,0.00020971522
368,0.00020971522
369,0.00020971522
370,0.00020971522
371,0.00020971522
372,0.00020971522
373,0.00020971522
374,0.00020971522
375,0.00020971522
376,0.00020971522
377,0.00020971522
378,0.00020971522
379,0.00020971522
380,0.00020971522
381,0.00020971522
382,0.00020971522
383,0.00020971522
384,0.00020971522
385,0.00020971522
386,0.00020971522
387,0.00020971522
388,0.00020971522
389,0.00020971522
390,0.00020971522
391,0.00020971522
392,0.00020971522
393,0.00020971522
394,0.00016777217
395,0.00016777217
396,0.00016777217
397,0.00016777217
398,0.00016777217
399,0.00016777217
400,0.00016777217
401,0.00016777217
402,0.00016777217
403,0.00016777217
404,0.00016777217
405,0.00016777217
406,0.00016777217
407,0.00016777217
408,0.00016777217
409,0.00016777217
410,0.00016777217
411,0.00016777217
412,0.00016777217
413,0.00016777217
414,0.00016777217
415,0.00016777217
416,0.00016777217
417,0.00016777217
418,0.00016777217
419,0.00016777217
420,0.00016777217
421,0.00016777217
422,0.00013421774
423,0.00013421774
424,0.00013421774
425,0.00013421774
426,0.00013421774
427,0.00013421774
428,0.00013421774
429,0.00013421774
430,0.00013421774
431,0.00013421774
432,0.00013421774
433,0.00013421774
434,0.00013421774
435,0.00013421774
436,0.00013421774
437,0.00013421774
438,0.00013421774
439,0.00013421774
440,0.00013421774
441,0.00013421774
442,0.00013421774
443,0.00013421774
444,0.00013421774
445,0.00013421774
446,0.00013421774
447,0.00013421774
448,0.00013421774
449,0.00013421774
450,0.00013421774
451,0.00013421774
452,0.00013421774
453,0.00013421774
454,0.00013421774
455,0.00013421774
456,0.00013421774
457,0.00013421774
458,0.00013421774
459,0.00013421774
460,0.00013421774
461,0.00013421774
462,0.00013421774
463,0.00013421774
464,0.00013421774
465,0.00013421774
466,0.00013421774
467,0.00013421774
468,0.00013421774
469,0.00013421774
470,0.00013421774
471,0.00013421774
472,0.00013421774
473,0.00013421774
474,0.00013421774
475,0.00013421774
476,0.00013421774
477,0.00013421774
478,0.00013421774
479,0.00013421774
480,0.00013421774
481,0.00013421774
482,0.00013421774
483,0.00013421774
484,0.00013421774
485,0.00013421774
486,0.00013421774
487,0.00013421774
488,0.00013421774
489,0.00013421774
490,0.00013421774
491,0.00013421774
492,0.00013421774
493,0.00013421774
494,0.000107374195
495,0.000107374195
496,0.000107374195
497,0.000107374195
498,0.000107374195
499,0.000107374195
500,0.000107374195
501,0.000107374195
502,0.000107374195
503,0.000107374195
504,0.000107374195
505,0.000107374195
506,0.000107374195
507,0.000107374195
508,0.000107374195
509,0.000107374195
510,0.000107374195
511,0.000107374195
512,0.000107374195
513,0.000107374195
514,0.000107374195
515,0.000107374195
516,0.000107374195
517,0.000107374195
518,0.000107374195
519,0.000107374195
520,0.000107374195
521,0.000107374195
522,8.589936e-05
523,8.589936e-05
524,8.589936e-05
525,8.589936e-05
526,8.589936e-05
527,8.589936e-05
528,8.589936e-05
529,8.589936e-05
530,8.589936e-05
531,8.589936e-05
532,8.589936e-05
533,8.589936e-05
534,8.589936e-05
535,8.589936e-05
536,8.589936e-05
537,8.589936e-05
538,8.589936e-05
539,8.589936e-05
540,8.589936e-05
541,8.589936e-05
542,8.589936e-05
543,8.589936e-05
544,8.589936e-05
545,8.589936e-05
546,8.589936e-05
547,8.589936e-05
548,8.589936e-05
549,8.589936e-05
550,8.589936e-05
551,8.589936e-05
552,8.589936e-05
553,8.589936e-05
554,8.589936e-05
555,8.589936e-05
556,8.589936e-05
557,6.8719484e-05
558,6.8719484e-05
559,6.8719484e-05
560,6.8719484e-05
561,6.8719484e-05
562,6.8719484e-05
563,6.8719484e-05
564,6.8719484e-05
565,6.8719484e-05
566,6.8719484e-05
567,6.8719484e-05
568,6.8719484e-05
569,6.8719484e-05
570,6.8719484e-05
571,6.8719484e-05
572,6.8719484e-05
573,6.8719484e-05
574,6.8719484e-05
575,6.8719484e-05
576,6.8719484e-05
577,6.8719484e-05
578,6.8719484e-05
579,6.8719484e-05
580,6.8719484e-05
581,6.8719484e-05
582,6.8719484e-05
583,6.8719484e-05
584,6.8719484e-05
585,6.8719484e-05
586,6.8719484e-05
587,6.8719484e-05
588,6.8719484e-05
589,6.8719484e-05
590,6.8719484e-05
591,6.8719484e-05
592,6.8719484e-05
593,6.8719484e-05
594,6.8719484e-05
595,6.8719484e-05
596,6.8719484e-05
597,6.8719484e-05
598,6.8719484e-05
599,6.8719484e-05
600,6.8719484e-05
601,6.8719484e-05
602,6.8719484e-05
603,6.8719484e-05
604,6.8719484e-05
605,6.8719484e-05
606,6.8719484e-05
607,6.8719484e-05
608,6.8719484e-05
609,6.8719484e-05
610,6.8719484e-05
611,6.8719484e-05
612,6.8719484e-05
613,6.8719484e-05
614,6.8719484e-05
615,6.8719484e-05
616,6.8719484e-05
617,6.8719484e-05
618,6.8719484e-05
619,6.8719484e-05
620,6.8719484e-05
621,6.8719484e-05
622,6.8719484e-05
623,6.8719484e-05
624,6.8719484e-05
625,6.8719484e-05
626,6.8719484e-05
627,6.8719484e-05
628,6.8719484e-05
629,6.8719484e-05
630,6.8719484e-05
631,6.8719484e-05
632,6.8719484e-05
633,6.8719484e-05
634,6.8719484e-05
635,6.8719484e-05
636,6.8719484e-05
637,6.8719484e-05
638,6.8719484e-05
639,6.8719484e-05
640,6.8719484e-05
641,6.8719484e-05
642,6.8719484e-05
643,6.8719484e-05
644,6.8719484e-05
645,6.8719484e-05
646,6.8719484e-05
647,6.8719484e-05
648,6.8719484e-05
649,6.8719484e-05
650,6.8719484e-05
651,6.8719484e-05
652,6.8719484e-05
653,6.8719484e-05
654,6.8719484e-05
655,6.8719484e-05
656,6.8719484e-05
657,6.8719484e-05
658,6.8719484e-05
659,6.8719484e-05
660,6.8719484e-05
661,6.8719484e-05
662,6.8719484e-05
663,6.8719484e-05
664,6.8719484e-05
665,6.8719484e-05
666,6.8719484e-05
667,6.8719484e-05
668,6.8719484e-05
669,6.8719484e-05
670,6.8719484e-05
671,6.8719484e-05
672,6.8719484e-05
673,6.8719484e-05
674,6.8719484e-05
675,6.8719484e-05
676,6.8719484e-05
677,6.8719484e-05
678,6.8719484e-05
679,6.8719484e-05
680,6.8719484e-05
681,6.8719484e-05
682,6.8719484e-05
683,6.8719484e-05
684,6.8719484e-05
685,6.8719484e-05
686,6.8719484e-05
687,6.8719484e-05
688,6.8719484e-05
689,6.8719484e-05
690,6.8719484e-05
691,6.8719484e-05
692,6.8719484e-05
693,6.8719484e-05
694,6.8719484e-05
695,6.8719484e-05
696,6.8719484e-05
697,6.8719484e-05
698,6.8719484e-05
699,6.8719484e-05
700,6.8719484e-05
701,6.8719484e-05
702,6.8719484e-05
703,6.8719484e-05
704,6.8719484e-05
705,6.8719484e-05
706,6.8719484e-05
707,6.8719484e-05
708,6.8719484e-05
709,6.8719484e-05
710,6.8719484e-05
711,6.8719484e-05
712,6.8719484e-05
713,6.8719484e-05
714,6.8719484e-05
715,6.8719484e-05
716,6.8719484e-05
717,6.8719484e-05
718,6.8719484e-05
719,6.8719484e-05
720,6.8719484e-05
721,6.8719484e-05
722,6.8719484e-05
723,6.8719484e-05
724,6.8719484e-05
725,6.8719484e-05
726,6.8719484e-05
727,6.8719484e-05
728,6.8719484e-05
729,6.8719484e-05
730,6.8719484e-05
731,6.8719484e-05
732,6.8719484e-05
733,6.8719484e-05
734,6.8719484e-05
735,6.8719484e-05
736,6.8719484e-05
737,6.8719484e-05
738,6.8719484e-05
739,6.8719484e-05
740,6.8719484e-05
741,5.4975586e-05
742,5.4975586e-05
743,5.4975586e-05
744,5.4975586e-05
745,5.4975586e-05
746,5.4975586e-05
747,5.4975586e-05
748,5.4975586e-05
749,5.4975586e-05
750,5.4975586e-05
751,5.4975586e-05
752,5.4975586e-05
753,5.4975586e-05
754,5.4975586e-05
755,5.4975586e-05
756,5.4975586e-05
757,5.4975586e-05
758,5.4975586e-05
759,5.4975586e-05
760,5.4975586e-05
761,5.4975586e-05
762,5.4975586e-05
763,5.4975586e-05
764,5.4975586e-05
765,5.4975586e-05
766,5.4975586e-05
767,5.4975586e-05
768,5.4975586e-05
769,5.4975586e-05
770,5.4975586e-05
771,5.4975586e-05
772,5.4975586e-05
773,5.4975586e-05
774,5.4975586e-05
775,5.4975586e-05
776,5.4975586e-05
777,5.4975586e-05
778,5.4975586e-05
779,5.4975586e-05
780,5.4975586e-05
781,5.4975586e-05
782,5.4975586e-05
783,5.4975586e-05
784,5.4975586e-05
785,5.4975586e-05
786,5.4975586e-05
787,5.4975586e-05
788,5.4975586e-05
789,5.4975586e-05
790,5.4975586e-05
791,5.4975586e-05
792,5.4975586e-05
793,5.4975586e-05
794,5.4975586e-05
795,4.3980468e-05
796,4.3980468e-05
797,4.3980468e-05
798,4.3980468e-05
799,4.3980468e-05
800,4.3980468e-05
801,4.3980468e-05
802,4.3980468e-05
803,4.3980468e-05
804,4.3980468e-05
805,4.3980468e-05
806,4.3980468e-05
807,4.3980468e-05
808,4.3980468e-05
809,4.3980468e-05
810,4.3980468e-05
811,4.3980468e-05
812,4.3980468e-05
813,4.3980468e-05
814,4.3980468e-05
815,4.3980468e-05
816,4.3980468e-05
817,4.3980468e-05
818,4.3980468e-05
819,4.3980468e-05
820,4.3980468e-05
821,4.3980468e-05
822,4.3980468e-05
823,4.3980468e-05
824,4.3980468e-05
825,4.3980468e-05
826,4.3980468e-05
827,4.3980468e-05
828,4.3980468e-05
829,4.3980468e-05
830,4.3980468e-05
831,4.3980468e-05
832,4.3980468e-05
833,4.3980468e-05
834,4.3980468e-05
835,4.3980468e-05
836,4.3980468e-05
837,4.3980468e-05
838,4.3980468e-05
839,4.3980468e-05
840,4.3980468e-05
841,4.3980468e-05
842,4.3980468e-05
843,4.3980468e-05
844,4.3980468e-05
845,4.3980468e-05
846,4.3980468e-05
847,4.3980468e-05
848,4.3980468e-05
849,4.3980468e-05
850,4.3980468e-05
851,3.5184374e-05
852,3.5184374e-05
853,3.5184374e-05
854,3.5184374e-05
855,3.5184374e-05
856,3.5184374e-05
857,3.5184374e-05
858,3.5184374e-05
859,3.5184374e-05
860,3.5184374e-05
861,3.5184374e-05
862,3.5184374e-05
863,3.5184374e-05
864,3.5184374e-05
865,3.5184374e-05
866,3.5184374e-05
867,3.5184374e-05
868,3.5184374e-05
869,3.5184374e-05
870,3.5184374e-05
871,3.5184374e-05
872,3.5184374e-05
873,3.5184374e-05
874,3.5184374e-05
875,3.5184374e-05
876,3.5184374e-05
877,3.5184374e-05
878,3.5184374e-05
879,3.5184374e-05
880,3.5184374e-05
881,3.5184374e-05
882,3.5184374e-05
883,3.5184374e-05
884,3.5184374e-05
885,3.5184374e-05
886,3.5184374e-05
887,3.5184374e-05
888,3.5184374e-05
889,3.5184374e-05
890,3.5184374e-05
891,3.5184374e-05
892,3.5184374e-05
893,3.5184374e-05
894,3.5184374e-05
895,3.5184374e-05
896,3.5184374e-05
897,3.5184374e-05
898,3.5184374e-05
899,3.5184374e-05
900,3.5184374e-05
901,3.5184374e-05
902,3.5184374e-05
903,3.5184374e-05
904,3.5184374e-05
905,3.5184374e-05
906,3.5184374e-05
907,3.5184374e-05
908,3.5184374e-05
909,3.5184374e-05
910,3.5184374e-05
911,3.5184374e-05
912,3.5184374e-05
913,3.5184374e-05
914,3.5184374e-05
915,3.5184374e-05
916,3.5184374e-05
917,3.5184374e-05
918,3.5184374e-05
919,3.5184374e-05
920,3.5184374e-05
921,3.5184374e-05
922,3.5184374e-05
923,3.5184374e-05
924,3.5184374e-05
925,3.5184374e-05
926,3.5184374e-05
927,3.5184374e-05
928,3.5184374e-05
929,3.5184374e-05
930,3.5184374e-05
931,3.5184374e-05
932,2.8147499e-05
933,2.8147499e-05
934,2.8147499e-05
935,2.8147499e-05
936,2.8147499e-05
937,2.8147499e-05
938,2.8147499e-05
939,2.8147499e-05
940,2.8147499e-05
941,2.8147499e-05
942,2.8147499e-05
943,2.8147499e-05
944,2.8147499e-05
945,2.8147499e-05
946,2.8147499e-05
947,2.8147499e-05
948,2.8147499e-05
949,2.8147499e-05
950,2.8147499e-05
951,2.8147499e-05
952,2.8147499e-05
953,2.8147499e-05
954,2.8147499e-05
955,2.8147499e-05
956,2.8147499e-05
957,2.8147499e-05
958,2.8147499e-05
959,2.8147499e-05
960,2.8147499e-05
961,2.8147499e-05
962,2.8147499e-05
963,2.8147499e-05
964,2.8147499e-05
965,2.8147499e-05
966,2.8147499e-05
967,2.8147499e-05
968,2.8147499e-05
969,2.8147499e-05
970,2.8147499e-05
971,2.8147499e-05
972,2.8147499e-05
973,2.8147499e-05
974,2.8147499e-05
975,2.8147499e-05
976,2.8147499e-05
977,2.8147499e-05
978,2.8147499e-05
979,2.8147499e-05
980,2.8147499e-05
981,2.8147499e-05
982,2.8147499e-05
983,2.8147499e-05
984,2.8147499e-05
985,2.8147499e-05
986,2.8147499e-05
987,2.8147499e-05
988,2.8147499e-05
989,2.8147499e-05
990,2.8147499e-05
991,2.8147499e-05
992,2.8147499e-05
993,2.8147499e-05
994,2.8147499e-05
995,2.8147499e-05
996,2.8147499e-05
997,2.8147499e-05
998,2.8147499e-05
999,2.8147499e-05
1000,2.8147499e-05
1001,2.8147499e-05
1002,2.8147499e-05
1003,2.8147499e-05
1004,2.8147499e-05
1005,2.8147499e-05
1006,2.8147499e-05
1007,2.8147499e-05
1008,2.8147499e-05
1009,2.8147499e-05
1010,2.8147499e-05
1011,2.8147499e-05
1012,2.8147499e-05
1013,2.8147499e-05
1014,2.8147499e-05
1015,2.8147499e-05
1016,2.8147499e-05
1017,2.8147499e-05
1018,2.8147499e-05
1019,2.8147499e-05
1020,2.8147499e-05
1021,2.8147499e-05
1022,2.8147499e-05
1023,2.8147499e-05
1024,2.8147499e-05
1025,2.8147499e-05
1026,2.8147499e-05
1027,2.8147499e-05
1028,2.8147499e-05
1029,2.8147499e-05
1030,2.8147499e-05
1031,2.8147499e-05
1032,2.8147499e-05
1033,2.8147499e-05
1034,2.8147499e-05
1035,2.8147499e-05
1036,2.8147499e-05
1037,2.8147499e-05
1038,2.8147499e-05
1039,2.8147499e-05
1040,2.8147499e-05
1041,2.8147499e-05
1042,2.8147499e-05
1043,2.8147499e-05
1044,2.8147499e-05
1045,2.8147499e-05
1046,2.8147499e-05
1047,2.8147499e-05
1048,2.8147499e-05
1049,2.8147499e-05
1050,2.8147499e-05
1051,2.8147499e-05
1052,2.8147499e-05
1053,2.8147499e-05
1054,2.8147499e-05
1055,2.8147499e-05
1056,2.8147499e-05
1057,2.8147499e-05
1058,2.8147499e-05
1059,2.8147499e-05
1060,2.8147499e-05
1061,2.8147499e-05
1062,2.8147499e-05
1063,2.8147499e-05
1064,2.8147499e-05
1065,2.8147499e-05
1066,2.8147499e-05
1067,2.8147499e-05
1068,2.8147499e-05
1069,2.8147499e-05
1070,2.8147499e-05
1071,2.8147499e-05
1072,2.8147499e-05
1073,2.8147499e-05
1074,2.8147499e-05
1075,2.8147499e-05
1076,2.8147499e-05
1077,2.8147499e-05
1078,2.8147499e-05
1079,2.8147499e-05
1080,2.8147499e-05
1081,2.8147499e-05
1082,2.8147499e-05
1083,2.8147499e-05
1084,2.8147499e-05
1085,2.8147499e-05
1086,2.8147499e-05
1087,2.8147499e-05
1088,2.8147499e-05
1089,2.8147499e-05
1090,2.8147499e-05
1091,2.8147499e-05
1092,2.8147499e-05
1093,2.8147499e-05
1094,2.8147499e-05
1095,2.8147499e-05
1096,2.8147499e-05
1097,2.8147499e-05
1098,2.8147499e-05
1099,2.8147499e-05
1100,2.8147499e-05
1101,2.8147499e-05
1102,2.8147499e-05
1103,2.8147499e-05
1104,2.8147499e-05
1105,2.8147499e-05
1106,2.8147499e-05
1107,2.8147499e-05
1108,2.8147499e-05
1109,2.8147499e-05
1110,2.8147499e-05
1111,2.8147499e-05
1112,2.8147499e-05
1113,2.8147499e-05
1114,2.8147499e-05
1115,2.8147499e-05
1116,2.8147499e-05
1117,2.8147499e-05
1118,2.8147499e-05
1119,2.8147499e-05
1120,2.8147499e-05
1121,2.8147499e-05
1122,2.8147499e-05
1123,2.8147499e-05
1124,2.8147499e-05
1125,2.8147499e-05
1126,2.8147499e-05
1127,2.8147499e-05
1128,2.8147499e-05
1129,2.8147499e-05
1130,2.8147499e-05
1131,2.8147499e-05
1132,2.8147499e-05
1133,2.8147499e-05
1134,2.8147499e-05
1135,2.8147499e-05
1136,2.8147499e-05
1137,2.8147499e-05
1138,2.8147499e-05
1139,2.8147499e-05
1140,2.8147499e-05
1141,2.8147499e-05
1142,2.8147499e-05
1143,2.8147499e-05
1144,2.8147499e-05
1145,2.8147499e-05
1146,2.8147499e-05
1147,2.8147499e-05
1148,2.8147499e-05
1149,2.8147499e-05
1150,2.8147499e-05
1151,2.8147499e-05
1152,2.8147499e-05
1153,2.8147499e-05
1154,2.8147499e-05
1155,2.8147499e-05
1156,2.8147499e-05
1157,2.8147499e-05
1158,2.8147499e-05
1159,2.8147499e-05
1160,2.8147499e-05
1161,2.8147499e-05
1162,2.8147499e-05
1163,2.8147499e-05
1164,2.8147499e-05
1165,2.8147499e-05
1166,2.8147499e-05
1167,2.8147499e-05
1168,2.8147499e-05
1169,2.8147499e-05
1170,2.8147499e-05
1171,2.8147499e-05
1172,2.8147499e-05
1173,2.8147499e-05
1174,2.8147499e-05
1175,2.8147499e-05
1176,2.8147499e-05
1177,2.8147499e-05
1178,2.8147499e-05
1179,2.8147499e-05
1180,2.8147499e-05
1181,2.8147499e-05
1182,2.8147499e-05
1183,2.8147499e-05
1184,2.8147499e-05
1185,2.8147499e-05
1186,2.8147499e-05
1187,2.8147499e-05
1188,2.8147499e-05
1189,2.8147499e-05
1190,2.2518e-05
1191,2.2518e-05
1192,2.2518e-05
1193,2.2518e-05
1194,2.2518e-05
1195,2.2518e-05
1196,2.2518e-05
1197,2.2518e-05
1198,2.2518e-05
1199,2.2518e-05
1200,2.2518e-05
1201,2.2518e-05
1202,2.2518e-05
1203,2.2518e-05
1204,2.2518e-05
1205,2.2518e-05
1206,2.2518e-05
1207,2.2518e-05
1208,2.2518e-05
1209,2.2518e-05
1210,2.2518e-05
1211,2.2518e-05
1212,2.2518e-05
1213,2.2518e-05
1214,2.2518e-05
1215,2.2518e-05
1216,2.2518e-05
1217,2.2518e-05
1218,2.2518e-05
1219,2.2518e-05
1220,2.2518e-05
1221,2.2518e-05
1222,2.2518e-05
1223,2.2518e-05
1224,2.2518e-05
1225,2.2518e-05
1226,2.2518e-05
1227,2.2518e-05
1228,2.2518e-05
1229,2.2518e-05
1230,2.2518e-05
1231,2.2518e-05
1232,2.2518e-05
1233,2.2518e-05
1234,2.2518e-05
1235,2.2518e-05
1236,2.2518e-05
1237,2.2518e-05
1238,2.2518e-05
1239,2.2518e-05
1240,2.2518e-05
1241,2.2518e-05
1242,2.2518e-05
1243,2.2518e-05
1244,2.2518e-05
1245,2.2518e-05
1246,2.2518e-05
1247,2.2518e-05
1248,2.2518e-05
1249,2.2518e-05
1250,2.2518e-05
1251,2.2518e-05
1252,2.2518e-05
1253,2.2518e-05
1254,2.2518e-05
1255,2.2518e-05
1256,2.2518e-05
1257,2.2518e-05
1258,2.2518e-05
1259,2.2518e-05
1260,2.2518e-05
1261,2.2518e-05
1262,2.2518e-05
1263,2.2518e-05
1264,2.2518e-05
1265,2.2518e-05
1266,2.2518e-05
1267,2.2518e-05
1268,2.2518e-05
1269,2.2518e-05
1270,2.2518e-05
1271,2.2518e-05
1272,2.2518e-05
1273,2.2518e-05
1274,2.2518e-05
1275,2.2518e-05
1276,2.2518e-05
1277,2.2518e-05
1278,2.2518e-05
1279,2.2518e-05
1280,2.2518e-05
1281,2.2518e-05
1282,2.2518e-05
1283,2.2518e-05
1284,2.2518e-05
1285,2.2518e-05
1286,2.2518e-05
1287,2.2518e-05
1288,2.2518e-05
1289,2.2518e-05
1290,2.2518e-05
1291,2.2518e-05
1292,2.2518e-05
1293,2.2518e-05
1294,2.2518e-05
1295,2.2518e-05
1296,2.2518e-05
1297,2.2518e-05
1298,2.2518e-05
1299,2.2518e-05
1300,2.2518e-05
1301,2.2518e-05
1302,2.2518e-05
1303,2.2518e-05
1304,2.2518e-05
1305,2.2518e-05
1306,2.2518e-05
1307,2.2518e-05
1308,2.2518e-05
1309,2.2518e-05
1310,2.2518e-05
1311,2.2518e-05
1312,2.2518e-05
1313,2.2518e-05
1314,2.2518e-05
1315,2.2518e-05
1316,2.2518e-05
1317,2.2518e-05
1318,2.2518e-05
1319,2.2518e-05
1320,2.2518e-05
1321,2.2518e-05
1322,2.2518e-05
1323,2.2518e-05
1324,2.2518e-05
1325,2.2518e-05
1326,2.2518e-05
1327,2.2518e-05
1328,2.2518e-05
1329,2.2518e-05
1330,2.2518e-05
1331,2.2518e-05
1332,2.2518e-05
1333,2.2518e-05
1334,2.2518e-05
1335,2.2518e-05
1336,2.2518e-05
1337,2.2518e-05
1338,2.2518e-05
1339,2.2518e-05
1340,2.2518e-05
1341,2.2518e-05
1342,2.2518e-05
1343,2.2518e-05
1344,2.2518e-05
1345,2.2518e-05
1346,2.2518e-05
1347,2.2518e-05
1348,2.2518e-05
1349,2.2518e-05
1350,2.2518e-05
1351,2.2518e-05
1352,2.2518e-05
1353,2.2518e-05
1354,2.2518e-05
1355,2.2518e-05
1356,2.2518e-05
1357,2.2518e-05
1358,2.2518e-05
1359,2.2518e-05
1360,2.2518e-05
1361,2.2518e-05
1362,2.2518e-05
1363,2.2518e-05
1364,2.2518e-05
1365,2.2518e-05
1366,2.2518e-05
1367,2.2518e-05
1368,2.2518e-05
1369,2.2518e-05
1370,2.2518e-05
1371,2.2518e-05
1372,2.2518e-05
1373,2.2518e-05
1374,2.2518e-05
1375,2.2518e-05
1376,2.2518e-05
1377,2.2518e-05
1378,2.2518e-05
1379,2.2518e-05
1380,2.2518e-05
1381,2.2518e-05
1382,2.2518e-05
1383,2.2518e-05
1384,2.2518e-05
1385,2.2518e-05
1386,2.2518e-05
1387,2.2518e-05
1388,2.2518e-05
1389,2.2518e-05
1390,2.2518e-05
1391,2.2518e-05
1392,2.2518e-05
1393,2.2518e-05
1394,2.2518e-05
1395,1.80144e-05
1396,1.80144e-05
1397,1.80144e-05
1398,1.80144e-05
1399,1.80144e-05
1400,1.80144e-05
1401,1.80144e-05
1402,1.80144e-05
1403,1.80144e-05
1404,1.80144e-05
1405,1.80144e-05
1406,1.80144e-05
1407,1.80144e-05
1408,1.80144e-05
1409,1.80144e-05
1410,1.80144e-05
1411,1.80144e-05
1412,1.80144e-05
1413,1.80144e-05
1414,1.80144e-05
1415,1.80144e-05
1416,1.80144e-05
1417,1.80144e-05
1418,1.80144e-05
1419,1.80144e-05
1420,1.80144e-05
1421,1.80144e-05
1422,1.80144e-05
1423,1.80144e-05
1424,1.80144e-05
1425,1.80144e-05
1426,1.80144e-05
1427,1.80144e-05
1428,1.80144e-05
1429,1.80144e-05
1430,1.80144e-05
1431,1.80144e-05
1432,1.80144e-05
1433,1.80144e-05
1434,1.80144e-05
1435,1.80144e-05
1436,1.80144e-05
1437,1.80144e-05
1438,1.80144e-05
1439,1.80144e-05
1440,1.80144e-05
1441,1.80144e-05
1442,1.80144e-05
1443,1.80144e-05
1444,1.80144e-05
1445,1.80144e-05
1446,1.80144e-05
1447,1.80144e-05
1448,1.80144e-05
1449,1.80144e-05
1450,1.80144e-05
1451,1.80144e-05
1452,1.80144e-05
1453,1.80144e-05
1454,1.80144e-05
1455,1.80144e-05
1456,1.80144e-05
1457,1.80144e-05
1458,1.80144e-05
1459,1.80144e-05
1460,1.80144e-05
1461,1.80144e-05
1462,1.80144e-05
1463,1.80144e-05
1464,1.80144e-05
1465,1.80144e-05
1466,1.80144e-05
1467,1.80144e-05
1468,1.80144e-05
1469,1.80144e-05
1470,1.80144e-05
1471,1.80144e-05
1472,1.80144e-05
1473,1.80144e-05
1474,1.80144e-05
1475,1.80144e-05
1476,1.80144e-05
1477,1.80144e-05
1478,1.80144e-05
1479,1.80144e-05
1480,1.80144e-05
1481,1.80144e-05
1482,1.80144e-05
1483,1.80144e-05
1484,1.80144e-05
1485,1.80144e-05
1486,1.80144e-05
1487,1.80144e-05
1488,1.80144e-05
1489,1.80144e-05
1490,1.80144e-05
1491,1.80144e-05
1492,1.80144e-05
1493,1.80144e-05
1494,1.80144e-05
1495,1.80144e-05
1496,1.80144e-05
1497,1.80144e-05
1498,1.80144e-05
1499,1.80144e-05
1500,1.80144e-05
1501,1.80144e-05
1502,1.80144e-05
1503,1.80144e-05
1504,1.80144e-05
1505,1.80144e-05
1506,1.80144e-05
1507,1.80144e-05
1508,1.80144e-05
1509,1.80144e-05
1510,1.80144e-05
1511,1.80144e-05
1512,1.80144e-05
1513,1.80144e-05
1514,1.80144e-05
1515,1.80144e-05
1516,1.80144e-05
1517,1.80144e-05
1518,1.80144e-05
1519,1.80144e-05
1520,1.80144e-05
1521,1.80144e-05
1522,1.80144e-05
1523,1.80144e-05
1524,1.80144e-05
1525,1.80144e-05
1526,1.80144e-05
1527,1.80144e-05
1528,1.80144e-05
1529,1.80144e-05
1530,1.80144e-05
1531,1.80144e-05
1532,1.80144e-05
1533,1.80144e-05
1534,1.80144e-05
1535,1.80144e-05
1536,1.80144e-05
1537,1.80144e-05
1538,1.80144e-05
1539,1.80144e-05
1540,1.80144e-05
1541,1.80144e-05
1542,1.80144e-05
1543,1.80144e-05
1544,1.80144e-05
1545,1.80144e-05
1546,1.80144e-05
1547,1.80144e-05
1548,1.80144e-05
1549,1.80144e-05
1550,1.80144e-05
1551,1.80144e-05
1552,1.80144e-05
1553,1.80144e-05
1554,1.80144e-05
1555,1.80144e-05
1556,1.80144e-05
1557,1.80144e-05
1558,1.80144e-05
1559,1.80144e-05
1560,1.80144e-05
1561,1.80144e-05
1562,1.80144e-05
1563,1.80144e-05
1564,1.80144e-05
1565,1.80144e-05
1566,1.80144e-05
1567,1.80144e-05
1568,1.80144e-05
1569,1.80144e-05
1570,1.80144e-05
1571,1.80144e-05
1572,1.80144e-05
1573,1.80144e-05
1574,1.80144e-05
1575,1.80144e-05
1576,1.80144e-05
1577,1.80144e-05
1578,1.80144e-05
1579,1.80144e-05
1580,1.80144e-05
1581,1.80144e-05
1582,1.80144e-05
1583,1.80144e-05
1584,1.80144e-05
1585,1.80144e-05
1586,1.80144e-05
1587,1.80144e-05
1588,1.80144e-05
1589,1.80144e-05
1590,1.80144e-05
1591,1.80144e-05
1592,1.80144e-05
1593,1.80144e-05
1594,1.80144e-05
1595,1.80144e-05
1596,1.80144e-05
1597,1.80144e-05
1598,1.80144e-05
1599,1.80144e-05
1600,1.80144e-05
1601,1.80144e-05
1602,1.80144e-05
1603,1.80144e-05
1604,1.80144e-05
1605,1.80144e-05
1606,1.80144e-05
1607,1.80144e-05
1608,1.80144e-05
1609,1.80144e-05
1610,1.80144e-05
1611,1.80144e-05
1612,1.80144e-05
1613,1.80144e-05
1614,1.80144e-05
1615,1.80144e-05
1616,1.80144e-05
1617,1.80144e-05
1618,1.80144e-05
1619,1.80144e-05
1620,1.80144e-05
1621,1.80144e-05
1622,1.80144e-05
1623,1.80144e-05
1624,1.80144e-05
1625,1.80144e-05
1626,1.80144e-05
1627,1.80144e-05
1628,1.80144e-05
1629,1.80144e-05
1630,1.80144e-05
1631,1.80144e-05
1632,1.80144e-05
1633,1.80144e-05
1634,1.80144e-05
1635,1.80144e-05
1636,1.80144e-05
1637,1.80144e-05
1638,1.80144e-05
1639,1.80144e-05
1640,1.80144e-05
1641,1.80144e-05
1642,1.80144e-05
1643,1.80144e-05
1644,1.80144e-05
1645,1.80144e-05
1646,1.80144e-05
1647,1.80144e-05
1648,1.80144e-05
1649,1.80144e-05
1650,1.80144e-05
1651,1.80144e-05
1652,1.80144e-05
1653,1.80144e-05
1654,1.80144e-05
1655,1.80144e-05
1656,1.80144e-05
1657,1.80144e-05
1658,1.80144e-05
1659,1.80144e-05
1660,1.80144e-05
1661,1.80144e-05
1662,1.80144e-05
1663,1.80144e-05
1664,1.80144e-05
1665,1.80144e-05
1666,1.80144e-05
1667,1.80144e-05
1668,1.80144e-05
1669,1.80144e-05
1670,1.80144e-05
1671,1.80144e-05
1672,1.80144e-05
1673,1.80144e-05
1674,1.80144e-05
1675,1.80144e-05
1676,1.80144e-05
1677,1.80144e-05
1678,1.80144e-05
1679,1.80144e-05
1680,1.80144e-05
1681,1.80144e-05
1682,1.80144e-05
1683,1.80144e-05
1684,1.80144e-05
1685,1.80144e-05
1686,1.80144e-05
1687,1.80144e-05
1688,1.80144e-05
1689,1.80144e-05
1690,1.80144e-05
1691,1.80144e-05
1692,1.80144e-05
1693,1.80144e-05
1694,1.80144e-05
1695,1.80144e-05
1696,1.80144e-05
1697,1.80144e-05
1698,1.80144e-05
1699,1.80144e-05
1700,1.80144e-05
1701,1.80144e-05
1702,1.80144e-05
1703,1.80144e-05
1704,1.80144e-05
1705,1.80144e-05
1706,1.80144e-05
1707,1.80144e-05
1708,1.80144e-05
1709,1.80144e-05
1710,1.80144e-05
1711,1.80144e-05
1712,1.80144e-05
1713,1.80144e-05
1714,1.80144e-05
1715,1.80144e-05
1716,1.80144e-05
1717,1.80144e-05
1718,1.80144e-05
1719,1.80144e-05
1720,1.80144e-05
1721,1.80144e-05
1722,1.80144e-05
1723,1.80144e-05
1724,1.80144e-05
1725,1.80144e-05
1726,1.80144e-05
1727,1.80144e-05
1728,1.80144e-05
1729,1.80144e-05
1730,1.80144e-05
1731,1.80144e-05
1732,1.80144e-05
1733,1.80144e-05
1734,1.80144e-05
1735,1.80144e-05
1736,1.80144e-05
1737,1.80144e-05
1738,1.80144e-05
1739,1.80144e-05
1740,1.80144e-05
1741,1.80144e-05
1742,1.80144e-05
1743,1.80144e-05
1744,1.80144e-05
1745,1.80144e-05
1746,1.80144e-05
1747,1.80144e-05
1748,1.80144e-05
1749,1.80144e-05
1750,1.80144e-05
1751,1.80144e-05
1752,1.80144e-05
1753,1.80144e-05
1754,1.80144e-05
1755,1.80144e-05
1756,1.80144e-05
1757,1.80144e-05
1758,1.80144e-05
1759,1.80144e-05
1760,1.80144e-05
1761,1.80144e-05
1762,1.80144e-05
1763,1.80144e-05
1764,1.80144e-05
1765,1.80144e-05
1766,1.80144e-05
1767,1.80144e-05
1768,1.80144e-05
1769,1.80144e-05
1770,1.80144e-05
1771,1.80144e-05
1772,1.80144e-05
1773,1.80144e-05
1774,1.80144e-05
1775,1.80144e-05
1776,1.80144e-05
1777,1.80144e-05
1778,1.80144e-05
1779,1.80144e-05
1780,1.80144e-05
1781,1.80144e-05
1782,1.80144e-05
1783,1.80144e-05
1784,1.80144e-05
1785,1.80144e-05
1786,1.80144e-05
1787,1.80144e-05
1788,1.80144e-05
1789,1.80144e-05
1790,1.80144e-05
1791,1.80144e-05
1792,1.80144e-05
1793,1.80144e-05
1794,1.80144e-05
1795,1.80144e-05
1796,1.80144e-05
1797,1.80144e-05
1798,1.80144e-05
1799,1.80144e-05
1800,1.80144e-05
1801,1.80144e-05
1802,1.80144e-05
1803,1.80144e-05
1804,1.80144e-05
1805,1.80144e-05
1806,1.80144e-05
1807,1.80144e-05
1808,1.80144e-05
1809,1.80144e-05
1810,1.80144e-05
1811,1.80144e-05
1812,1.80144e-05
1813,1.80144e-05
1814,1.80144e-05
1815,1.80144e-05
1816,1.80144e-05
1817,1.80144e-05
1818,1.80144e-05
1819,1.80144e-05
1820,1.80144e-05
1821,1.80144e-05
1822,1.80144e-05
1823,1.80144e-05
1824,1.80144e-05
1825,1.80144e-05
1826,1.80144e-05
1827,1.80144e-05
1828,1.80144e-05
1829,1.80144e-05
1830,1.80144e-05
1831,1.80144e-05
1832,1.80144e-05
1833,1.80144e-05
1834,1.80144e-05
1835,1.80144e-05
1836,1.80144e-05
1837,1.80144e-05
1838,1.80144e-05
1839,1.80144e-05
1840,1.441152e-05
1841,1.441152e-05
1842,1.441152e-05
1843,1.441152e-05
1844,1.441152e-05
1845,1.441152e-05
1846,1.441152e-05
1847,1.441152e-05
1848,1.441152e-05
1849,1.441152e-05
1850,1.441152e-05
1851,1.441152e-05
1852,1.441152e-05
1853,1.441152e-05
1854,1.441152e-05
1855,1.441152e-05
1856,1.441152e-05
1857,1.441152e-05
1858,1.441152e-05
1859,1.441152e-05
1860,1.441152e-05
1861,1.441152e-05
1862,1.441152e-05
1863,1.441152e-05
1864,1.441152e-05
1865,1.441152e-05
1866,1.441152e-05
1867,1.441152e-05
1868,1.441152e-05
1869,1.441152e-05
1870,1.441152e-05
1871,1.441152e-05
1872,1.441152e-05
1873,1.441152e-05
1874,1.441152e-05
1875,1.441152e-05
1876,1.441152e-05
1877,1.441152e-05
1878,1.441152e-05
1879,1.441152e-05
1880,1.441152e-05
1881,1.441152e-05
1882,1.441152e-05
1883,1.441152e-05
1884,1.441152e-05
1885,1.441152e-05
1886,1.441152e-05
1887,1.441152e-05
1888,1.441152e-05
1889,1.441152e-05
1890,1.441152e-05
1891,1.441152e-05
1892,1.441152e-05
1893,1.441152e-05
1894,1.441152e-05
1895,1.441152e-05
1896,1.441152e-05
1897,1.441152e-05
1898,1.441152e-05
1899,1.441152e-05
1900,1.441152e-05
1901,1.441152e-05
1902,1.441152e-05
1903,1.441152e-05
1904,1.441152e-05
1905,1.441152e-05
1906,1.441152e-05
1907,1.441152e-05
1908,1.441152e-05
1909,1.441152e-05
1910,1.441152e-05
1911,1.441152e-05
1912,1.441152e-05
1913,1.441152e-05
1914,1.441152e-05
1915,1.441152e-05
1916,1.441152e-05
1917,1.441152e-05
1918,1.441152e-05
1919,1.441152e-05
1920,1.441152e-05
1921,1.441152e-05
1922,1.441152e-05
1923,1.441152e-05
1924,1.441152e-05
1925,1.441152e-05
1926,1.441152e-05
1927,1.441152e-05
1928,1.441152e-05
1929,1.441152e-05
1930,1.441152e-05
1931,1.441152e-05
1932,1.441152e-05
1933,1.441152e-05
1934,1.441152e-05
1935,1.441152e-05
1936,1.441152e-05
1937,1.441152e-05
1938,1.441152e-05
1939,1.441152e-05
1940,1.441152e-05
1941,1.441152e-05
1942,1.441152e-05
1943,1.441152e-05
1944,1.441152e-05
1945,1.441152e-05
1946,1.441152e-05
1947,1.441152e-05
1948,1.441152e-05
1949,1.441152e-05
1950,1.441152e-05
1951,1.441152e-05
1952,1.441152e-05
1953,1.441152e-05
1954,1.441152e-05
1955,1.441152e-05
1956,1.441152e-05
1957,1.441152e-05
1958,1.441152e-05
1959,1.441152e-05
1960,1.441152e-05
1961,1.441152e-05
1962,1.441152e-05
1963,1.441152e-05
1964,1.441152e-05
1965,1.441152e-05
1966,1.441152e-05
1967,1.441152e-05
1968,1.441152e-05
1969,1.441152e-05
1970,1.441152e-05
1971,1.441152e-05
1972,1.441152e-05
1973,1.441152e-05
1974,1.441152e-05
1975,1.441152e-05
1976,1.441152e-05
1977,1.441152e-05
1978,1.441152e-05
1979,1.441152e-05
1980,1.441152e-05
1981,1.441152e-05
1982,1.441152e-05
1983,1.441152e-05
1984,1.441152e-05
1985,1.441152e-05
1986,1.441152e-05
1987,1.441152e-05
1988,1.441152e-05
1989,1.441152e-05
1990,1.441152e-05
1991,1.441152e-05
1992,1.441152e-05
1993,1.441152e-05
1994,1.441152e-05
1995,1.441152e-05
1996,1.441152e-05
1997,1.441152e-05
1998,1.441152e-05
1999,1.441152e-05
2000,1.441152e-05
2001,1.441152e-05
2002,1.441152e-05
2003,1.441152e-05
2004,1.441152e-05
2005,1.441152e-05
2006,1.441152e-05
2007,1.441152e-05
2008,1.441152e-05
2009,1.441152e-05
2010,1.441152e-05
2011,1.441152e-05
2012,1.441152e-05
2013,1.441152e-05
2014,1.441152e-05
2015,1.441152e-05
2016,1.441152e-05
2017,1.441152e-05
2018,1.441152e-05
2019,1.441152e-05
2020,1.441152e-05
2021,1.441152e-05
2022,1.441152e-05
2023,1.441152e-05
2024,1.441152e-05
2025,1.441152e-05
2026,1.441152e-05
2027,1.441152e-05
2028,1.441152e-05
2029,1.441152e-05
2030,1.441152e-05
2031,1.441152e-05
2032,1.441152e-05
2033,1.441152e-05
2034,1.441152e-05
2035,1.441152e-05
2036,1.441152e-05
2037,1.441152e-05
2038,1.441152e-05
2039,1.441152e-05
2040,1.441152e-05
2041,1.441152e-05
2042,1.441152e-05
2043,1.441152e-05
2044,1.441152e-05
2045,1.441152e-05
2046,1.441152e-05
2047,1.441152e-05
2048,1.441152e-05
2049,1.441152e-05
2050,1.441152e-05
2051,1.441152e-05
2052,1.441152e-05
2053,1.441152e-05
2054,1.441152e-05
2055,1.441152e-05
2056,1.441152e-05
2057,1.441152e-05
2058,1.441152e-05
2059,1.441152e-05
2060,1.441152e-05
2061,1.441152e-05
2062,1.441152e-05
2063,1.441152e-05
2064,1.441152e-05
2065,1.441152e-05
2066,1.441152e-05
2067,1.441152e-05
2068,1.441152e-05
2069,1.441152e-05
2070,1.441152e-05
2071,1.441152e-05
2072,1.441152e-05
2073,1.441152e-05
2074,1.441152e-05
2075,1.441152e-05
2076,1.441152e-05
2077,1.441152e-05
2078,1.441152e-05
2079,1.441152e-05
2080,1.441152e-05
2081,1.441152e-05
2082,1.441152e-05
2083,1.1529216e-05
2084,1.1529216e-05
2085,1.1529216e-05
2086,1.1529216e-05
2087,1.1529216e-05
2088,1.1529216e-05
2089,1.1529216e-05
2090,1.1529216e-05
2091,1.1529216e-05
2092,1.1529216e-05
2093,1.1529216e-05
2094,1.1529216e-05
2095,1.1529216e-05
2096,1.1529216e-05
2097,1.1529216e-05
2098,1.1529216e-05
2099,1.1529216e-05
2100,1.1529216e-05
2101,1.1529216e-05
2102,1.1529216e-05
2103,1.1529216e-05
2104,1.1529216e-05
2105,1.1529216e-05
2106,1.1529216e-05
2107,9.223373e-06
2108,9.223373e-06
2109,9.223373e-06
2110,9.223373e-06
2111,9.223373e-06
2112,9.223373e-06
2113,9.223373e-06
2114,9.223373e-06
2115,9.223373e-06
2116,9.223373e-06
2117,9.223373e-06
2118,9.223373e-06
2119,9.223373e-06
2120,9.223373e-06
2121,9.223373e-06
2122,9.223373e-06
2123,9.223373e-06
2124,9.223373e-06
2125,9.223373e-06
2126,9.223373e-06
2127,9.223373e-06
2128,9.223373e-06
2129,9.223373e-06
2130,9.223373e-06
2131,9.223373e-06
2132,9.223373e-06
2133,9.223373e-06
2134,9.223373e-06
2135,9.223373e-06
2136,9.223373e-06
2137,9.223373e-06
2138,9.223373e-06
2139,9.223373e-06
2140,9.223373e-06
2141,9.223373e-06
2142,9.223373e-06
2143,9.223373e-06
2144,9.223373e-06
2145,9.223373e-06
2146,9.223373e-06
2147,9.223373e-06
2148,9.223373e-06
2149,9.223373e-06
2150,9.223373e-06
2151,9.223373e-06
2152,9.223373e-06
2153,9.223373e-06
2154,9.223373e-06
2155,9.223373e-06
2156,9.223373e-06
2157,9.223373e-06
2158,9.223373e-06
2159,9.223373e-06
2160,9.223373e-06
2161,9.223373e-06
2162,9.223373e-06
2163,9.223373e-06
2164,9.223373e-06
2165,9.223373e-06
2166,9.223373e-06
2167,9.223373e-06
2168,9.223373e-06
2169,9.223373e-06
2170,9.223373e-06
2171,9.223373e-06
2172,9.223373e-06
2173,9.223373e-06
2174,9.223373e-06
2175,9.223373e-06
2176,9.223373e-06
2177,9.223373e-06
2178,9.223373e-06
2179,9.223373e-06
2180,9.223373e-06
2181,9.223373e-06
2182,9.223373e-06
2183,9.223373e-06
2184,9.223373e-06
2185,9.223373e-06
2186,9.223373e-06
2187,9.223373e-06
2188,9.223373e-06
2189,9.223373e-06
2190,9.223373e-06
2191,9.223373e-06
2192,9.223373e-06
2193,9.223373e-06
2194,9.223373e-06
2195,9.223373e-06
2196,9.223373e-06
2197,9.223373e-06
2198,9.223373e-06
2199,9.223373e-06
2200,9.223373e-06
2201,9.223373e-06
2202,9.223373e-06
2203,9.223373e-06
2204,9.223373e-06
2205,9.223373e-06
2206,9.223373e-06
2207,9.223373e-06
2208,9.223373e-06
2209,9.223373e-06
2210,9.223373e-06
2211,9.223373e-06
2212,9.223373e-06
2213,9.223373e-06
2214,9.223373e-06
2215,9.223373e-06
2216,9.223373e-06
2217,9.223373e-06
2218,9.223373e-06
2219,9.223373e-06
2220,9.223373e-06
2221,9.223373e-06
2222,9.223373e-06
2223,9.223373e-06
2224,9.223373e-06
2225,9.223373e-06
2226,9.223373e-06
2227,9.223373e-06
2228,9.223373e-06
2229,9.223373e-06
2230,9.223373e-06
2231,9.223373e-06
2232,9.223373e-06
2233,9.223373e-06
2234,9.223373e-06
2235,9.223373e-06
2236,9.223373e-06
2237,9.223373e-06
2238,9.223373e-06
2239,9.223373e-06
2240,9.223373e-06
2241,9.223373e-06
2242,9.223373e-06
2243,9.223373e-06
2244,9.223373e-06
2245,9.223373e-06
2246,9.223373e-06
2247,9.223373e-06
2248,9.223373e-06
2249,9.223373e-06
2250,9.223373e-06
2251,9.223373e-06
2252,9.223373e-06
2253,9.223373e-06
2254,9.223373e-06
2255,9.223373e-06
2256,9.223373e-06
2257,9.223373e-06
2258,9.223373e-06
2259,9.223373e-06
2260,9.223373e-06
2261,9.223373e-06
2262,9.223373e-06
2263,9.223373e-06
2264,9.223373e-06
2265,9.223373e-06
2266,9.223373e-06
2267,9.223373e-06
2268,9.223373e-06
2269,9.223373e-06
2270,9.223373e-06
2271,9.223373e-06
2272,9.223373e-06
2273,9.223373e-06
2274,9.223373e-06
2275,9.223373e-06
2276,9.223373e-06
2277,9.223373e-06
2278,9.223373e-06
2279,9.223373e-06
2280,9.223373e-06
2281,9.223373e-06
2282,9.223373e-06
2283,9.223373e-06
2284,9.223373e-06
2285,9.223373e-06
2286,9.223373e-06
2287,9.223373e-06
2288,9.223373e-06
2289,9.223373e-06
2290,9.223373e-06
2291,9.223373e-06
2292,9.223373e-06
2293,9.223373e-06
2294,9.223373e-06
2295,9.223373e-06
2296,9.223373e-06
2297,9.223373e-06
2298,9.223373e-06
2299,9.223373e-06
2300,9.223373e-06
2301,9.223373e-06
2302,9.223373e-06
2303,9.223373e-06
2304,9.223373e-06
2305,9.223373e-06
2306,9.223373e-06
2307,9.223373e-06
2308,9.223373e-06
2309,9.223373e-06
2310,9.223373e-06
2311,9.223373e-06
2312,9.223373e-06
2313,9.223373e-06
2314,9.223373e-06
2315,9.223373e-06
2316,9.223373e-06
2317,9.223373e-06
2318,9.223373e-06
2319,9.223373e-06
2320,9.223373e-06
2321,9.223373e-06
2322,9.223373e-06
2323,9.223373e-06
2324,9.223373e-06
2325,9.223373e-06
2326,9.223373e-06
2327,9.223373e-06
2328,9.223373e-06
2329,9.223373e-06
2330,9.223373e-06
2331,9.223373e-06
2332,9.223373e-06
2333,9.223373e-06
2334,9.223373e-06
2335,9.223373e-06
2336,9.223373e-06
2337,9.223373e-06
2338,9.223373e-06
2339,9.223373e-06
2340,9.223373e-06
2341,9.223373e-06
2342,9.223373e-06
2343,9.223373e-06
2344,9.223373e-06
2345,9.223373e-06
2346,9.223373e-06
2347,9.223373e-06
2348,9.223373e-06
2349,9.223373e-06
2350,9.223373e-06
2351,9.223373e-06
2352,9.223373e-06
2353,9.223373e-06
2354,9.223373e-06
2355,9.223373e-06
2356,9.223373e-06
2357,9.223373e-06
2358,9.223373e-06
2359,9.223373e-06
2360,9.223373e-06
2361,9.223373e-06
2362,9.223373e-06
2363,9.223373e-06
2364,9.223373e-06
2365,9.223373e-06
2366,9.223373e-06
2367,9.223373e-06
2368,9.223373e-06
2369,9.223373e-06
2370,9.223373e-06
2371,9.223373e-06
2372,9.223373e-06
2373,9.223373e-06
2374,9.223373e-06
2375,9.223373e-06
2376,9.223373e-06
2377,9.223373e-06
2378,9.223373e-06
2379,9.223373e-06
2380,9.223373e-06
2381,9.223373e-06
2382,9.223373e-06
2383,9.223373e-06
2384,9.223373e-06
2385,9.223373e-06
2386,9.223373e-06
2387,9.223373e-06
2388,9.223373e-06
2389,9.223373e-06
2390,9.223373e-06
2391,9.223373e-06
2392,9.223373e-06
2393,9.223373e-06
2394,9.223373e-06
2395,9.223373e-06
2396,9.223373e-06
2397,9.223373e-06
2398,9.223373e-06
2399,9.223373e-06
2400,9.223373e-06
2401,9.223373e-06
2402,9.223373e-06
2403,9.223373e-06
2404,9.223373e-06
2405,9.223373e-06
2406,9.223373e-06
2407,9.223373e-06
2408,9.223373e-06
2409,9.223373e-06
2410,9.223373e-06
2411,9.223373e-06
2412,9.223373e-06
2413,9.223373e-06
2414,9.223373e-06
2415,9.223373e-06
2416,9.223373e-06
2417,9.223373e-06
2418,9.223373e-06
2419,9.223373e-06
2420,9.223373e-06
2421,9.223373e-06
2422,9.223373e-06
2423,9.223373e-06
2424,9.223373e-06
2425,9.223373e-06
2426,9.223373e-06
2427,9.223373e-06
2428,9.223373e-06
2429,9.223373e-06
2430,9.223373e-06
2431,9.223373e-06
2432,9.223373e-06
2433,9.223373e-06
2434,9.223373e-06
2435,9.223373e-06
2436,9.223373e-06
2437,9.223373e-06
2438,9.223373e-06
2439,9.223373e-06
2440,9.223373e-06
2441,9.223373e-06
2442,9.223373e-06
2443,9.223373e-06
2444,9.223373e-06
2445,9.223373e-06
2446,9.223373e-06
2447,9.223373e-06
2448,9.223373e-06
2449,9.223373e-06
2450,9.223373e-06
2451,9.223373e-06
2452,9.223373e-06
2453,9.223373e-06
2454,9.223373e-06
2455,9.223373e-06
2456,9.223373e-06
2457,9.223373e-06
2458,9.223373e-06
2459,9.223373e-06
2460,9.223373e-06
2461,9.223373e-06
2462,9.223373e-06
2463,9.223373e-06
2464,9.223373e-06
2465,9.223373e-06
2466,9.223373e-06
2467,9.223373e-06
2468,9.223373e-06
2469,9.223373e-06
2470,9.223373e-06
2471,9.223373e-06
2472,9.223373e-06
2473,9.223373e-06
2474,9.223373e-06
2475,9.223373e-06
2476,9.223373e-06
2477,9.223373e-06
2478,9.223373e-06
2479,9.223373e-06
2480,9.223373e-06
2481,9.223373e-06
2482,9.223373e-06
2483,9.223373e-06
2484,9.223373e-06
2485,9.223373e-06
2486,9.223373e-06
2487,9.223373e-06
2488,9.223373e-06
2489,9.223373e-06
2490,9.223373e-06
2491,9.223373e-06
2492,9.223373e-06
2493,9.223373e-06
2494,9.223373e-06
2495,9.223373e-06
2496,9.223373e-06
2497,9.223373e-06
2498,9.223373e-06
2499,9.223373e-06
2500,9.223373e-06
2501,9.223373e-06
2502,9.223373e-06
2503,9.223373e-06
2504,9.223373e-06
2505,9.223373e-06
2506,9.223373e-06
2507,9.223373e-06
2508,9.223373e-06
2509,9.223373e-06
2510,9.223373e-06
2511,9.223373e-06
2512,9.223373e-06
2513,9.223373e-06
2514,9.223373e-06
2515,9.223373e-06
2516,9.223373e-06
2517,9.223373e-06
2518,9.223373e-06
2519,9.223373e-06
2520,9.223373e-06
2521,9.223373e-06
2522,9.223373e-06
2523,9.223373e-06
2524,9.223373e-06
2525,9.223373e-06
2526,9.223373e-06
2527,9.223373e-06
2528,9.223373e-06
2529,9.223373e-06
2530,9.223373e-06
2531,9.223373e-06
2532,9.223373e-06
2533,9.223373e-06
2534,9.223373e-06
2535,9.223373e-06
2536,9.223373e-06
2537,9.223373e-06
2538,9.223373e-06
2539,9.223373e-06
2540,9.223373e-06
2541,9.223373e-06
2542,9.223373e-06
2543,9.223373e-06
2544,9.223373e-06
2545,9.223373e-06
2546,9.223373e-06
2547,9.223373e-06
2548,9.223373e-06
2549,9.223373e-06
2550,9.223373e-06
2551,9.223373e-06
2552,9.223373e-06
2553,9.223373e-06
2554,9.223373e-06
2555,9.223373e-06
2556,9.223373e-06
2557,9.223373e-06
2558,9.223373e-06
2559,9.223373e-06
2560,9.223373e-06
2561,9.223373e-06
2562,9.223373e-06
2563,9.223373e-06
2564,9.223373e-06
2565,9.223373e-06
2566,9.223373e-06
2567,9.223373e-06
2568,9.223373e-06
2569,9.223373e-06
2570,9.223373e-06
2571,9.223373e-06
2572,9.223373e-06
2573,9.223373e-06
2574,9.223373e-06
2575,9.223373e-06
2576,9.223373e-06
2577,9.223373e-06
2578,9.223373e-06
2579,9.223373e-06
2580,9.223373e-06
2581,9.223373e-06
2582,9.223373e-06
2583,9.223373e-06
2584,9.223373e-06
2585,9.223373e-06
2586,9.223373e-06
2587,9.223373e-06
2588,9.223373e-06
2589,9.223373e-06
2590,9.223373e-06
2591,9.223373e-06
2592,9.223373e-06
2593,9.223373e-06
2594,9.223373e-06
2595,9.223373e-06
2596,9.223373e-06
2597,9.223373e-06
2598,9.223373e-06
2599,9.223373e-06
2600,9.223373e-06
2601,9.223373e-06
2602,9.223373e-06
2603,9.223373e-06
2604,9.223373e-06
2605,9.223373e-06
2606,9.223373e-06
2607,9.223373e-06
2608,9.223373e-06
2609,9.223373e-06
2610,9.223373e-06
2611,9.223373e-06
2612,9.223373e-06
2613,9.223373e-06
2614,9.223373e-06
2615,9.223373e-06
2616,9.223373e-06
2617,9.223373e-06
2618,9.223373e-06
2619,9.223373e-06
2620,9.223373e-06
2621,9.223373e-06
2622,9.223373e-06
2623,9.223373e-06
2624,9.223373e-06
2625,9.223373e-06
2626,9.223373e-06
2627,9.223373e-06
2628,9.223373e-06
2629,9.223373e-06
2630,9.223373e-06
2631,9.223373e-06
2632,9.223373e-06
2633,9.223373e-06
2634,9.223373e-06
2635,9.223373e-06
2636,9.223373e-06
2637,9.223373e-06
2638,9.223373e-06
2639,9.223373e-06
2640,9.223373e-06
2641,9.223373e-06
2642,9.223373e-06
2643,9.223373e-06
2644,9.223373e-06
2645,9.223373e-06
2646,9.223373e-06
2647,9.223373e-06
2648,9.223373e-06
2649,9.223373e-06
2650,9.223373e-06
2651,9.223373e-06
2652,9.223373e-06
2653,9.223373e-06
2654,9.223373e-06
2655,9.223373e-06
2656,9.223373e-06
2657,9.223373e-06
2658,9.223373e-06
2659,9.223373e-06
2660,9.223373e-06
2661,9.223373e-06
2662,9.223373e-06
2663,9.223373e-06
2664,9.223373e-06
2665,9.223373e-06
2666,9.223373e-06
2667,9.223373e-06
2668,9.223373e-06
2669,9.223373e-06
2670,9.223373e-06
2671,9.223373e-06
2672,9.223373e-06
2673,9.223373e-06
2674,9.223373e-06
2675,9.223373e-06
2676,9.223373e-06
2677,9.223373e-06
2678,9.223373e-06
2679,9.223373e-06
2680,9.223373e-06
2681,9.223373e-06
2682,9.223373e-06
2683,9.223373e-06
2684,9.223373e-06
2685,9.223373e-06
2686,9.223373e-06
2687,9.223373e-06
2688,9.223373e-06
2689,9.223373e-06
2690,9.223373e-06
2691,9.223373e-06
2692,9.223373e-06
2693,9.223373e-06
2694,9.223373e-06
2695,9.223373e-06
2696,9.223373e-06
2697,9.223373e-06
2698,9.223373e-06
2699,9.223373e-06
2700,9.223373e-06
2701,9.223373e-06
2702,9.223373e-06
2703,9.223373e-06
2704,9.223373e-06
2705,9.223373e-06
2706,9.223373e-06
2707,9.223373e-06
2708,9.223373e-06
2709,9.223373e-06
2710,9.223373e-06
2711,9.223373e-06
2712,9.223373e-06
2713,9.223373e-06
2714,9.223373e-06
2715,9.223373e-06
2716,9.223373e-06
2717,9.223373e-06
2718,9.223373e-06
2719,9.223373e-06
2720,9.223373e-06
2721,9.223373e-06
2722,9.223373e-06
2723,9.223373e-06
2724,9.223373e-06
2725,9.223373e-06
2726,9.223373e-06
2727,9.223373e-06
2728,9.223373e-06
2729,9.223373e-06
2730,9.223373e-06
2731,9.223373e-06
2732,9.223373e-06
2733,9.223373e-06
2734,9.223373e-06
2735,9.223373e-06
2736,9.223373e-06
2737,9.223373e-06
2738,9.223373e-06
2739,9.223373e-06
2740,9.223373e-06
2741,9.223373e-06
2742,9.223373e-06
2743,9.223373e-06
2744,9.223373e-06
2745,9.223373e-06
2746,9.223373e-06
2747,9.223373e-06
2748,9.223373e-06
2749,9.223373e-06
2750,9.223373e-06
2751,9.223373e-06
2752,9.223373e-06
2753,9.223373e-06
2754,9.223373e-06
2755,9.223373e-06
2756,9.223373e-06
2757,9.223373e-06
2758,9.223373e-06
2759,9.223373e-06
2760,9.223373e-06
2761,9.223373e-06
2762,9.223373e-06
2763,9.223373e-06
2764,9.223373e-06
2765,9.223373e-06
2766,9.223373e-06
2767,9.223373e-06
2768,9.223373e-06
2769,9.223373e-06
2770,9.223373e-06
2771,9.223373e-06
2772,9.223373e-06
2773,9.223373e-06
2774,9.223373e-06
2775,9.223373e-06
2776,9.223373e-06
2777,9.223373e-06
2778,9.223373e-06
2779,9.223373e-06
2780,9.223373e-06
2781,9.223373e-06
2782,9.223373e-06
2783,9.223373e-06
2784,9.223373e-06
2785,9.223373e-06
2786,9.223373e-06
2787,9.223373e-06
2788,9.223373e-06
2789,9.223373e-06
2790,9.223373e-06
2791,9.223373e-06
2792,9.223373e-06
2793,9.223373e-06
2794,9.223373e-06
2795,9.223373e-06
2796,9.223373e-06
2797,9.223373e-06
2798,9.223373e-06
2799,9.223373e-06
2800,9.223373e-06
2801,9.223373e-06
2802,9.223373e-06
2803,9.223373e-06
2804,9.223373e-06
2805,9.223373e-06
2806,9.223373e-06
2807,9.223373e-06
2808,9.223373e-06
2809,9.223373e-06
2810,9.223373e-06
2811,9.223373e-06
2812,9.223373e-06
2813,9.223373e-06
2814,9.223373e-06
2815,9.223373e-06
2816,9.223373e-06
2817,9.223373e-06
2818,9.223373e-06
2819,9.223373e-06
2820,9.223373e-06
2821,9.223373e-06
2822,9.223373e-06
2823,9.223373e-06
2824,9.223373e-06
2825,9.223373e-06
2826,9.223373e-06
2827,9.223373e-06
2828,9.223373e-06
2829,9.223373e-06
2830,9.223373e-06
2831,9.223373e-06
2832,9.223373e-06
2833,9.223373e-06
2834,9.223373e-06
2835,9.223373e-06
2836,9.223373e-06
2837,9.223373e-06
2838,9.223373e-06
2839,9.223373e-06
2840,9.223373e-06
2841,9.223373e-06
2842,9.223373e-06
2843,9.223373e-06
2844,9.223373e-06
2845,9.223373e-06
2846,9.223373e-06
2847,9.223373e-06
2848,9.223373e-06
2849,9.223373e-06
2850,9.223373e-06
2851,9.223373e-06
2852,9.223373e-06
2853,9.223373e-06
2854,9.223373e-06
2855,9.223373e-06
2856,9.223373e-06
2857,9.223373e-06
2858,9.223373e-06
2859,9.223373e-06
2860,9.223373e-06
2861,9.223373e-06
2862,9.223373e-06
2863,9.223373e-06
2864,9.223373e-06
2865,9.223373e-06
2866,9.223373e-06
2867,9.223373e-06
2868,9.223373e-06
2869,9.223373e-06
2870,9.223373e-06
2871,9.223373e-06
2872,9.223373e-06
2873,9.223373e-06
2874,9.223373e-06
2875,9.223373e-06
2876,9.223373e-06
2877,9.223373e-06
2878,9.223373e-06
2879,9.223373e-06
2880,9.223373e-06
2881,9.223373e-06
2882,9.223373e-06
2883,9.223373e-06
2884,9.223373e-06
2885,9.223373e-06
2886,9.223373e-06
2887,9.223373e-06
2888,9.223373e-06
2889,9.223373e-06
2890,9.223373e-06
2891,9.223373e-06
2892,9.223373e-06
2893,9.223373e-06
2894,9.223373e-06
2895,9.223373e-06
2896,9.223373e-06
2897,9.223373e-06
2898,9.223373e-06
2899,9.223373e-06
2900,9.223373e-06
2901,9.223373e-06
2902,9.223373e-06
2903,9.223373e-06
2904,9.223373e-06
2905,9.223373e-06
2906,9.223373e-06
2907,9.223373e-06
2908,9.223373e-06
2909,9.223373e-06
2910,9.223373e-06
2911,9.223373e-06
2912,9.223373e-06
2913,9.223373e-06
2914,9.223373e-06
2915,9.223373e-06
2916,9.223373e-06
2917,9.223373e-06
2918,9.223373e-06
2919,9.223373e-06
2920,9.223373e-06
2921,9.223373e-06
2922,9.223373e-06
2923,9.223373e-06
2924,9.223373e-06
2925,9.223373e-06
2926,9.223373e-06
2927,9.223373e-06
2928,9.223373e-06
2929,9.223373e-06
2930,9.223373e-06
2931,9.223373e-06
2932,9.223373e-06
2933,9.223373e-06
2934,9.223373e-06
2935,9.223373e-06
2936,9.223373e-06
2937,9.223373e-06
2938,9.223373e-06
2939,9.223373e-06
2940,9.223373e-06
2941,9.223373e-06
2942,9.223373e-06
2943,9.223373e-06
2944,9.223373e-06
2945,9.223373e-06
2946,9.223373e-06
2947,9.223373e-06
2948,9.223373e-06
2949,9.223373e-06
2950,9.223373e-06
2951,9.223373e-06
2952,9.223373e-06
2953,9.223373e-06
2954,9.223373e-06
2955,9.223373e-06
2956,9.223373e-06
2957,9.223373e-06
2958,9.223373e-06
2959,9.223373e-06
2960,9.223373e-06
2961,9.223373e-06
2962,9.223373e-06
2963,9.223373e-06
2964,9.223373e-06
2965,9.223373e-06
2966,9.223373e-06
2967,9.223373e-06
2968,9.223373e-06
2969,9.223373e-06
2970,9.223373e-06
2971,9.223373e-06
2972,9.223373e-06
2973,9.223373e-06
2974,9.223373e-06
2975,9.223373e-06
2976,9.223373e-06
2977,9.223373e-06
2978,9.223373e-06
2979,9.223373e-06
2980,9.223373e-06
2981,9.223373e-06
2982,9.223373e-06
2983,9.223373e-06
2984,9.223373e-06
2985,9.223373e-06
2986,9.223373e-06
2987,9.223373e-06
2988,9.223373e-06
2989,9.223373e-06
2990,9.223373e-06
2991,9.223373e-06
2992,9.223373e-06
2993,9.223373e-06
2994,9.223373e-06
2995,9.223373e-06
2996,9.223373e-06
2997,9.223373e-06
2998,9.223373e-06
2999,9.223373e-06
3000,9.223373e-06
3001,9.223373e-06
3002,9.223373e-06
3003,9.223373e-06
3004,9.223373e-06
3005,9.223373e-06
3006,9.223373e-06
3007,9.223373e-06
3008,9.223373e-06
3009,9.223373e-06
3010,9.223373e-06
3011,9.223373e-06
3012,9.223373e-06
3013,9.223373e-06
3014,9.223373e-06
3015,9.223373e-06
3016,9.223373e-06
3017,9.223373e-06
3018,9.223373e-06
3019,9.223373e-06
3020,9.223373e-06
3021,9.223373e-06
3022,9.223373e-06
3023,9.223373e-06
3024,9.223373e-06
3025,9.223373e-06
3026,9.223373e-06
3027,9.223373e-06
3028,9.223373e-06
3029,9.223373e-06
3030,9.223373e-06
3031,9.223373e-06
3032,9.223373e-06
3033,9.223373e-06
3034,9.223373e-06
3035,9.223373e-06
3036,9.223373e-06
3037,9.223373e-06
3038,9.223373e-06
3039,9.223373e-06
3040,9.223373e-06
3041,9.223373e-06
3042,9.223373e-06
3043,9.223373e-06
3044,9.223373e-06
3045,9.223373e-06
3046,9.223373e-06
3047,9.223373e-06
3048,9.223373e-06
3049,9.223373e-06
3050,9.223373e-06
3051,9.223373e-06
3052,9.223373e-06
3053,9.223373e-06
3054,9.223373e-06
3055,9.223373e-06
3056,9.223373e-06
3057,9.223373e-06
3058,9.223373e-06
3059,9.223373e-06
3060,9.223373e-06
3061,9.223373e-06
3062,9.223373e-06
3063,9.223373e-06
3064,9.223373e-06
3065,9.223373e-06
3066,9.223373e-06
3067,9.223373e-06
3068,9.223373e-06
3069,9.223373e-06
3070,9.223373e-06
3071,9.223373e-06
3072,9.223373e-06
3073,9.223373e-06
3074,9.223373e-06
3075,9.223373e-06
3076,9.223373e-06
3077,9.223373e-06
3078,9.223373e-06
3079,9.223373e-06
3080,9.223373e-06
3081,9.223373e-06
3082,9.223373e-06
3083,9.223373e-06
3084,9.223373e-06
3085,9.223373e-06
3086,9.223373e-06
3087,9.223373e-06
3088,9.223373e-06
3089,9.223373e-06
3090,9.223373e-06
3091,9.223373e-06
3092,9.223373e-06
3093,9.223373e-06
3094,9.223373e-06
3095,9.223373e-06
3096,9.223373e-06
3097,9.223373e-06
3098,9.223373e-06
3099,9.223373e-06
3100,9.223373e-06
3101,9.223373e-06
3102,9.223373e-06
3103,9.223373e-06
3104,9.223373e-06
3105,9.223373e-06
3106,9.223373e-06
3107,9.223373e-06
3108,9.223373e-06
3109,9.223373e-06
3110,9.223373e-06
3111,9.223373e-06
3112,9.223373e-06
3113,9.223373e-06
3114,9.223373e-06
3115,9.223373e-06
3116,9.223373e-06
3117,9.223373e-06
3118,9.223373e-06
3119,9.223373e-06
3120,9.223373e-06
3121,9.223373e-06
3122,9.223373e-06
3123,9.223373e-06
3124,9.223373e-06
3125,9.223373e-06
3126,9.223373e-06
3127,9.223373e-06
3128,9.223373e-06
3129,9.223373e-06
3130,9.223373e-06
3131,9.223373e-06
3132,9.223373e-06
3133,9.223373e-06
3134,9.223373e-06
3135,9.223373e-06
3136,9.223373e-06
3137,9.223373e-06
3138,9.223373e-06
3139,9.223373e-06
3140,9.223373e-06
3141,9.223373e-06
3142,9.223373e-06
3143,9.223373e-06
3144,9.223373e-06
3145,9.223373e-06
3146,9.223373e-06
3147,9.223373e-06
3148,9.223373e-06
3149,9.223373e-06
3150,9.223373e-06
3151,9.223373e-06
3152,9.223373e-06
3153,9.223373e-06
3154,9.223373e-06
3155,9.223373e-06
3156,9.223373e-06
3157,9.223373e-06
3158,9.223373e-06
3159,9.223373e-06
3160,9.223373e-06
3161,9.223373e-06
3162,9.223373e-06
3163,9.223373e-06
3164,9.223373e-06
3165,9.223373e-06
3166,9.223373e-06
3167,9.223373e-06
3168,9.223373e-06
3169,9.223373e-06
3170,9.223373e-06
3171,9.223373e-06
3172,9.223373e-06
3173,9.223373e-06
3174,9.223373e-06
3175,9.223373e-06
3176,9.223373e-06
3177,9.223373e-06
3178,9.223373e-06
3179,9.223373e-06
3180,9.223373e-06
3181,9.223373e-06
3182,9.223373e-06
3183,9.223373e-06
3184,9.223373e-06
3185,9.223373e-06
3186,9.223373e-06
3187,9.223373e-06
3188,9.223373e-06
3189,9.223373e-06
3190,9.223373e-06
3191,9.223373e-06
3192,9.223373e-06
3193,9.223373e-06
3194,9.223373e-06
3195,9.223373e-06
3196,9.223373e-06
3197,9.223373e-06
3198,9.223373e-06
3199,9.223373e-06
3200,9.223373e-06
3201,9.223373e-06
3202,9.223373e-06
3203,9.223373e-06
3204,9.223373e-06
3205,9.223373e-06
3206,9.223373e-06
3207,9.223373e-06
3208,9.223373e-06
3209,9.223373e-06
3210,9.223373e-06
3211,9.223373e-06
3212,9.223373e-06
3213,9.223373e-06
3214,9.223373e-06
3215,9.223373e-06
3216,9.223373e-06
3217,9.223373e-06
3218,9.223373e-06
3219,9.223373e-06
3220,9.223373e-06
3221,9.223373e-06
3222,9.223373e-06
3223,9.223373e-06
3224,9.223373e-06
3225,9.223373e-06
3226,9.223373e-06
3227,9.223373e-06
3228,9.223373e-06
3229,9.223373e-06
3230,9.223373e-06
3231,9.223373e-06
3232,9.223373e-06
3233,9.223373e-06
3234,9.223373e-06
3235,9.223373e-06
3236,9.223373e-06
3237,9.223373e-06
3238,9.223373e-06
3239,9.223373e-06
3240,9.223373e-06
3241,9.223373e-06
3242,9.223373e-06
3243,9.223373e-06
3244,9.223373e-06
3245,9.223373e-06
3246,9.223373e-06
3247,9.223373e-06
3248,9.223373e-06
3249,9.223373e-06
3250,9.223373e-06
3251,9.223373e-06
3252,9.223373e-06
3253,9.223373e-06
3254,9.223373e-06
3255,9.223373e-06
3256,9.223373e-06
3257,9.223373e-06
3258,9.223373e-06
3259,9.223373e-06
3260,9.223373e-06
3261,9.223373e-06
3262,9.223373e-06
3263,9.223373e-06
3264,9.223373e-06
3265,9.223373e-06
3266,9.223373e-06
3267,9.223373e-06
3268,9.223373e-06
3269,9.223373e-06
3270,9.223373e-06
3271,9.223373e-06
3272,9.223373e-06
3273,9.223373e-06
3274,9.223373e-06
3275,9.223373e-06
3276,9.223373e-06
3277,9.223373e-06
3278,9.223373e-06
3279,9.223373e-06
3280,9.223373e-06
3281,9.223373e-06
3282,9.223373e-06
3283,9.223373e-06
3284,9.223373e-06
3285,9.223373e-06
3286,9.223373e-06
3287,9.223373e-06
3288,9.223373e-06
3289,9.223373e-06
3290,9.223373e-06
3291,9.223373e-06
3292,9.223373e-06
3293,9.223373e-06
3294,9.223373e-06
3295,9.223373e-06
3296,9.223373e-06
3297,9.223373e-06
3298,9.223373e-06
3299,9.223373e-06
3300,9.223373e-06
3301,9.223373e-06
3302,9.223373e-06
3303,9.223373e-06
3304,9.223373e-06
3305,9.223373e-06
3306,9.223373e-06
3307,9.223373e-06
3308,9.223373e-06
3309,9.223373e-06
3310,9.223373e-06
3311,9.223373e-06
3312,9.223373e-06
3313,9.223373e-06
3314,9.223373e-06
3315,9.223373e-06
3316,9.223373e-06
3317,9.223373e-06
3318,9.223373e-06
3319,9.223373e-06
3320,9.223373e-06
3321,9.223373e-06
3322,9.223373e-06
3323,9.223373e-06
3324,9.223373e-06
3325,9.223373e-06
3326,9.223373e-06
3327,9.223373e-06
3328,9.223373e-06
3329,9.223373e-06
3330,9.223373e-06
3331,9.223373e-06
3332,9.223373e-06
3333,9.223373e-06
3334,9.223373e-06
3335,9.223373e-06
3336,9.223373e-06
3337,9.223373e-06
3338,9.223373e-06
3339,9.223373e-06
3340,9.223373e-06
3341,9.223373e-06
3342,9.223373e-06
3343,9.223373e-06
3344,9.223373e-06
3345,9.223373e-06
3346,9.223373e-06
3347,9.223373e-06
3348,9.223373e-06
3349,9.223373e-06
3350,9.223373e-06
3351,9.223373e-06
3352,9.223373e-06
3353,9.223373e-06
3354,9.223373e-06
3355,9.223373e-06
3356,9.223373e-06
3357,9.223373e-06
3358,9.223373e-06
3359,9.223373e-06
3360,9.223373e-06
3361,9.223373e-06
3362,9.223373e-06
3363,9.223373e-06
3364,9.223373e-06
3365,9.223373e-06
3366,9.223373e-06
3367,9.223373e-06
3368,9.223373e-06
3369,9.223373e-06
3370,9.223373e-06
3371,9.223373e-06
3372,9.223373e-06
3373,9.223373e-06
3374,9.223373e-06
3375,9.223373e-06
3376,9.223373e-06
3377,9.223373e-06
3378,9.223373e-06
3379,9.223373e-06
3380,9.223373e-06
3381,9.223373e-06
3382,9.223373e-06
3383,9.223373e-06
3384,9.223373e-06
3385,9.223373e-06
3386,9.223373e-06
3387,9.223373e-06
3388,9.223373e-06
3389,9.223373e-06
3390,9.223373e-06
3391,9.223373e-06
3392,9.223373e-06
3393,9.223373e-06
3394,9.223373e-06
3395,9.223373e-06
3396,9.223373e-06
3397,9.223373e-06
3398,9.223373e-06
3399,9.223373e-06
3400,9.223373e-06
3401,9.223373e-06
3402,9.223373e-06
3403,9.223373e-06
3404,9.223373e-06
3405,9.223373e-06
3406,9.223373e-06
3407,9.223373e-06
3408,9.223373e-06
3409,9.223373e-06
3410,9.223373e-06
3411,9.223373e-06
3412,9.223373e-06
3413,9.223373e-06
3414,9.223373e-06
3415,9.223373e-06
3416,9.223373e-06
3417,9.223373e-06
3418,9.223373e-06
3419,9.223373e-06
3420,9.223373e-06
3421,9.223373e-06
3422,9.223373e-06
3423,9.223373e-06
3424,9.223373e-06
3425,9.223373e-06
3426,9.223373e-06
3427,9.223373e-06
3428,9.223373e-06
3429,9.223373e-06
3430,9.223373e-06
3431,9.223373e-06
3432,9.223373e-06
3433,9.223373e-06
3434,9.223373e-06
3435,9.223373e-06
3436,9.223373e-06
3437,9.223373e-06
3438,9.223373e-06
3439,9.223373e-06
3440,9.223373e-06
3441,9.223373e-06
3442,9.223373e-06
3443,9.223373e-06
3444,9.223373e-06
3445,9.223373e-06
3446,9.223373e-06
3447,9.223373e-06
3448,9.223373e-06
3449,9.223373e-06
3450,9.223373e-06
3451,9.223373e-06
3452,9.223373e-06
3453,9.223373e-06
3454,9.223373e-06
3455,9.223373e-06
3456,9.223373e-06
3457,9.223373e-06
3458,9.223373e-06
3459,9.223373e-06
3460,9.223373e-06
3461,9.223373e-06
3462,9.223373e-06
3463,9.223373e-06
3464,9.223373e-06
3465,9.223373e-06
3466,9.223373e-06
3467,9.223373e-06
3468,9.223373e-06
3469,9.223373e-06
3470,9.223373e-06
3471,9.223373e-06
3472,9.223373e-06
3473,9.223373e-06
3474,9.223373e-06
3475,9.223373e-06
3476,9.223373e-06
3477,9.223373e-06
3478,9.223373e-06
3479,9.223373e-06
3480,9.223373e-06
3481,9.223373e-06
3482,9.223373e-06
3483,9.223373e-06
3484,9.223373e-06
3485,9.223373e-06
3486,9.223373e-06
3487,9.223373e-06
3488,9.223373e-06
3489,9.223373e-06
3490,9.223373e-06
3491,9.223373e-06
3492,9.223373e-06
3493,9.223373e-06
3494,9.223373e-06
3495,9.223373e-06
3496,9.223373e-06
3497,9.223373e-06
3498,9.223373e-06
3499,9.223373e-06
3500,9.223373e-06
3501,9.223373e-06
3502,9.223373e-06
3503,9.223373e-06
3504,9.223373e-06
3505,9.223373e-06
3506,9.223373e-06
3507,9.223373e-06
3508,9.223373e-06
3509,9.223373e-06
3510,9.223373e-06
3511,9.223373e-06
3512,9.223373e-06
3513,9.223373e-06
3514,9.223373e-06
3515,9.223373e-06
3516,9.223373e-06
3517,9.223373e-06
3518,9.223373e-06
3519,9.223373e-06
3520,9.223373e-06
3521,9.223373e-06
3522,9.223373e-06
3523,9.223373e-06
3524,9.223373e-06
3525,9.223373e-06
3526,9.223373e-06
3527,9.223373e-06
3528,9.223373e-06
3529,9.223373e-06
3530,9.223373e-06
3531,9.223373e-06
3532,9.223373e-06
3533,9.223373e-06
3534,9.223373e-06
3535,9.223373e-06
3536,9.223373e-06
3537,9.223373e-06
3538,9.223373e-06
3539,9.223373e-06
3540,9.223373e-06
3541,9.223373e-06
3542,9.223373e-06
3543,9.223373e-06
3544,9.223373e-06
3545,9.223373e-06
3546,9.223373e-06
3547,9.223373e-06
3548,9.223373e-06
3549,9.223373e-06
3550,9.223373e-06
3551,9.223373e-06
3552,9.223373e-06
3553,9.223373e-06
3554,9.223373e-06
3555,9.223373e-06
3556,9.223373e-06
3557,9.223373e-06
3558,9.223373e-06
3559,9.223373e-06
3560,9.223373e-06
3561,9.223373e-06
3562,9.223373e-06
3563,9.223373e-06
3564,9.223373e-06
3565,9.223373e-06
3566,9.223373e-06
3567,9.223373e-06
3568,9.223373e-06
3569,9.223373e-06
3570,9.223373e-06
3571,9.223373e-06
3572,9.223373e-06
3573,9.223373e-06
3574,9.223373e-06
3575,9.223373e-06
3576,9.223373e-06
3577,9.223373e-06
3578,9.223373e-06
3579,9.223373e-06
3580,9.223373e-06
3581,9.223373e-06
3582,9.223373e-06
3583,9.223373e-06
3584,9.223373e-06
3585,9.223373e-06
3586,9.223373e-06
3587,9.223373e-06
3588,9.223373e-06
3589,9.223373e-06
3590,9.223373e-06
3591,9.223373e-06
3592,9.223373e-06
3593,9.223373e-06
3594,9.223373e-06
3595,9.223373e-06
3596,9.223373e-06
3597,9.223373e-06
3598,9.223373e-06
3599,9.223373e-06
3600,9.223373e-06
3601,9.223373e-06
3602,9.223373e-06
3603,9.223373e-06
3604,9.223373e-06
3605,9.223373e-06
3606,9.223373e-06
3607,9.223373e-06
3608,9.223373e-06
3609,9.223373e-06
3610,9.223373e-06
3611,9.223373e-06
3612,9.223373e-06
3613,9.223373e-06
3614,9.223373e-06
3615,9.223373e-06
3616,9.223373e-06
3617,9.223373e-06
3618,9.223373e-06
3619,9.223373e-06
3620,9.223373e-06
3621,9.223373e-06
3622,9.223373e-06
3623,9.223373e-06
3624,9.223373e-06
3625,9.223373e-06
3626,9.223373e-06
3627,9.223373e-06
3628,9.223373e-06
3629,9.223373e-06
3630,9.223373e-06
3631,9.223373e-06
3632,9.223373e-06
3633,9.223373e-06
3634,9.223373e-06
3635,9.223373e-06
3636,9.223373e-06
3637,9.223373e-06
3638,9.223373e-06
3639,9.223373e-06
3640,9.223373e-06
3641,9.223373e-06
3642,9.223373e-06
3643,9.223373e-06
3644,9.223373e-06
3645,9.223373e-06
3646,9.223373e-06
3647,9.223373e-06
3648,9.223373e-06
3649,9.223373e-06
3650,9.223373e-06
3651,9.223373e-06
3652,9.223373e-06
3653,9.223373e-06
3654,9.223373e-06
3655,9.223373e-06
3656,9.223373e-06
3657,9.223373e-06
3658,9.223373e-06
3659,9.223373e-06
3660,9.223373e-06
3661,9.223373e-06
3662,9.223373e-06
3663,9.223373e-06
3664,9.223373e-06
3665,9.223373e-06
3666,9.223373e-06
3667,9.223373e-06
3668,9.223373e-06
3669,9.223373e-06
3670,9.223373e-06
3671,9.223373e-06
3672,9.223373e-06
3673,9.223373e-06
3674,9.223373e-06
3675,9.223373e-06
3676,9.223373e-06
3677,9.223373e-06
3678,9.223373e-06
3679,9.223373e-06
3680,9.223373e-06
3681,9.223373e-06
3682,9.223373e-06
3683,9.223373e-06
3684,9.223373e-06
3685,9.223373e-06
3686,9.223373e-06
3687,9.223373e-06
3688,9.223373e-06
3689,9.223373e-06
3690,9.223373e-06
3691,9.223373e-06
3692,9.223373e-06
3693,9.223373e-06
3694,9.223373e-06
3695,9.223373e-06
3696,9.223373e-06
3697,9.223373e-06
3698,9.223373e-06
3699,9.223373e-06
3700,9.223373e-06
3701,9.223373e-06
3702,9.223373e-06
3703,9.223373e-06
3704,9.223373e-06
3705,9.223373e-06
3706,9.223373e-06
3707,9.223373e-06
3708,9.223373e-06
3709,9.223373e-06
3710,9.223373e-06
3711,9.223373e-06
3712,9.223373e-06
3713,9.223373e-06
3714,9.223373e-06
3715,9.223373e-06
3716,9.223373e-06
3717,9.223373e-06
3718,9.223373e-06
3719,9.223373e-06
3720,9.223373e-06
3721,9.223373e-06
3722,9.223373e-06
3723,9.223373e-06
3724,9.223373e-06
3725,9.223373e-06
3726,9.223373e-06
3727,9.223373e-06
3728,9.223373e-06
3729,9.223373e-06
3730,9.223373e-06
3731,9.223373e-06
3732,9.223373e-06
3733,9.223373e-06
3734,9.223373e-06
3735,9.223373e-06
3736,7.3786987e-06
3737,7.3786987e-06
3738,7.3786987e-06
3739,7.3786987e-06
3740,7.3786987e-06
3741,7.3786987e-06
3742,7.3786987e-06
3743,7.3786987e-06
3744,7.3786987e-06
3745,7.3786987e-06
3746,7.3786987e-06
3747,7.3786987e-06
3748,7.3786987e-06
3749,7.3786987e-06
3750,7.3786987e-06
3751,7.3786987e-06
3752,7.3786987e-06
3753,7.3786987e-06
3754,7.3786987e-06
3755,7.3786987e-06
3756,7.3786987e-06
3757,7.3786987e-06
3758,7.3786987e-06
3759,7.3786987e-06
3760,7.3786987e-06
3761,7.3786987e-06
3762,7.3786987e-06
3763,7.3786987e-06
3764,5.902959e-06
3765,5.902959e-06
3766,5.902959e-06
3767,5.902959e-06
3768,5.902959e-06
3769,5.902959e-06
3770,5.902959e-06
3771,5.902959e-06
3772,5.902959e-06
3773,5.902959e-06
3774,5.902959e-06
3775,5.902959e-06
3776,5.902959e-06
3777,5.902959e-06
3778,5.902959e-06
3779,5.902959e-06
3780,5.902959e-06
3781,5.902959e-06
3782,5.902959e-06
3783,5.902959e-06
3784,5.902959e-06
3785,5.902959e-06
3786,5.902959e-06
3787,5.902959e-06
3788,5.902959e-06
3789,5.902959e-06
3790,5.902959e-06
3791,5.902959e-06
3792,5.902959e-06
3793,5.902959e-06
3794,5.902959e-06
3795,5.902959e-06
3796,5.902959e-06
3797,5.902959e-06
3798,5.902959e-06
3799,5.902959e-06
3800,5.902959e-06
3801,5.902959e-06
3802,5.902959e-06
3803,5.902959e-06
3804,5.902959e-06
3805,5.902959e-06
3806,5.902959e-06
3807,5.902959e-06
3808,5.902959e-06
3809,5.902959e-06
3810,5.902959e-06
3811,5.902959e-06
3812,5.902959e-06
3813,5.902959e-06
3814,5.902959e-06
3815,5.902959e-06
3816,5.902959e-06
3817,5.902959e-06
3818,5.902959e-06
3819,5.902959e-06
3820,5.902959e-06
3821,5.902959e-06
3822,5.902959e-06
3823,5.902959e-06
3824,5.902959e-06
3825,5.902959e-06
3826,5.902959e-06
3827,5.902959e-06
3828,5.902959e-06
3829,5.902959e-06
3830,5.902959e-06
3831,5.902959e-06
3832,5.902959e-06
3833,5.902959e-06
3834,5.902959e-06
3835,5.902959e-06
3836,5.902959e-06
3837,5.902959e-06
3838,5.902959e-06
3839,5.902959e-06
3840,5.902959e-06
3841,5.902959e-06
3842,5.902959e-06
3843,5.902959e-06
3844,5.902959e-06
3845,5.902959e-06
3846,5.902959e-06
3847,5.902959e-06
3848,5.902959e-06
3849,5.902959e-06
3850,5.902959e-06
3851,5.902959e-06
3852,5.902959e-06
3853,5.902959e-06
3854,5.902959e-06
3855,5.902959e-06
3856,5.902959e-06
3857,5.902959e-06
3858,5.902959e-06
3859,5.902959e-06
3860,5.902959e-06
3861,5.902959e-06
3862,5.902959e-06
3863,5.902959e-06
3864,5.902959e-06
3865,5.902959e-06
3866,5.902959e-06
3867,5.902959e-06
3868,5.902959e-06
3869,5.902959e-06
3870,5.902959e-06
3871,5.902959e-06
3872,5.902959e-06
3873,5.902959e-06
3874,5.902959e-06
3875,5.902959e-06
3876,5.902959e-06
3877,5.902959e-06
3878,5.902959e-06
3879,5.902959e-06
3880,5.902959e-06
3881,5.902959e-06
3882,5.902959e-06
3883,5.902959e-06
3884,5.902959e-06
3885,5.902959e-06
3886,5.902959e-06
3887,5.902959e-06
3888,5.902959e-06
3889,5.902959e-06
3890,5.902959e-06
3891,5.902959e-06
3892,5.902959e-06
3893,5.902959e-06
3894,5.902959e-06
3895,5.902959e-06
3896,5.902959e-06
3897,5.902959e-06
3898,5.902959e-06
3899,5.902959e-06
3900,5.902959e-06
3901,5.902959e-06
3902,5.902959e-06
3903,5.902959e-06
3904,5.902959e-06
3905,5.902959e-06
3906,5.902959e-06
3907,5.902959e-06
3908,5.902959e-06
3909,5.902959e-06
3910,5.902959e-06
3911,5.902959e-06
3912,5.902959e-06
3913,5.902959e-06
3914,5.902959e-06
3915,5.902959e-06
3916,5.902959e-06
3917,5.902959e-06
3918,5.902959e-06
3919,5.902959e-06
3920,5.902959e-06
3921,5.902959e-06
3922,5.902959e-06
3923,5.902959e-06
3924,5.902959e-06
3925,5.902959e-06
3926,5.902959e-06
3927,5.902959e-06
3928,5.902959e-06
3929,5.902959e-06
3930,5.902959e-06
3931,5.902959e-06
3932,5.902959e-06
3933,5.902959e-06
3934,5.902959e-06
3935,5.902959e-06
3936,5.902959e-06
3937,5.902959e-06
3938,5.902959e-06
3939,5.902959e-06
3940,5.902959e-06
3941,5.902959e-06
3942,5.902959e-06
3943,5.902959e-06
3944,5.902959e-06
3945,5.902959e-06
3946,5.902959e-06
3947,5.902959e-06
3948,5.902959e-06
3949,5.902959e-06
3950,5.902959e-06
3951,5.902959e-06
3952,5.902959e-06
3953,5.902959e-06
3954,5.902959e-06
3955,5.902959e-06
3956,5.902959e-06
3957,5.902959e-06
3958,5.902959e-06
3959,5.902959e-06
3960,5.902959e-06
3961,5.902959e-06
3962,5.902959e-06
3963,5.902959e-06
3964,5.902959e-06
3965,5.902959e-06
3966,5.902959e-06
3967,5.902959e-06
3968,5.902959e-06
3969,5.902959e-06
3970,5.902959e-06
3971,5.902959e-06
3972,5.902959e-06
3973,5.902959e-06
3974,5.902959e-06
3975,5.902959e-06
3976,5.902959e-06
3977,5.902959e-06
3978,5.902959e-06
3979,5.902959e-06
3980,5.902959e-06
3981,5.902959e-06
3982,5.902959e-06
3983,5.902959e-06
3984,5.902959e-06
3985,5.902959e-06
3986,5.902959e-06
3987,5.902959e-06
3988,5.902959e-06
3989,5.902959e-06
3990,5.902959e-06
3991,5.902959e-06
3992,5.902959e-06
3993,5.902959e-06
3994,5.902959e-06
3995,5.902959e-06
3996,5.902959e-06
3997,5.902959e-06
3998,5.902959e-06
3999,5.902959e-06
4000,5.902959e-06
4001,5.902959e-06
4002,5.902959e-06
4003,5.902959e-06
4004,5.902959e-06
4005,5.902959e-06
4006,5.902959e-06
4007,5.902959e-06
4008,5.902959e-06
4009,5.902959e-06
4010,5.902959e-06
4011,5.902959e-06
4012,5.902959e-06
4013,5.902959e-06
4014,5.902959e-06
4015,5.902959e-06
4016,5.902959e-06
4017,5.902959e-06
4018,5.902959e-06
4019,5.902959e-06
4020,5.902959e-06
4021,5.902959e-06
4022,5.902959e-06
4023,5.902959e-06
4024,5.902959e-06
4025,5.902959e-06
4026,5.902959e-06
4027,5.902959e-06
4028,5.902959e-06
4029,5.902959e-06
4030,5.902959e-06
4031,5.902959e-06
4032,5.902959e-06
4033,5.902959e-06
4034,5.902959e-06
4035,5.902959e-06
4036,5.902959e-06
4037,5.902959e-06
4038,5.902959e-06
4039,5.902959e-06
4040,5.902959e-06
4041,5.902959e-06
4042,5.902959e-06
4043,5.902959e-06
4044,5.902959e-06
4045,5.902959e-06
4046,5.902959e-06
4047,5.902959e-06
4048,5.902959e-06
4049,5.902959e-06
4050,5.902959e-06
4051,5.902959e-06
4052,5.902959e-06
4053,5.902959e-06
4054,5.902959e-06
4055,5.902959e-06
4056,5.902959e-06
4057,5.902959e-06
4058,5.902959e-06
4059,5.902959e-06
4060,5.902959e-06
4061,5.902959e-06
4062,5.902959e-06
4063,5.902959e-06
4064,5.902959e-06
4065,5.902959e-06
4066,5.902959e-06
4067,5.902959e-06
4068,5.902959e-06
4069,5.902959e-06
4070,5.902959e-06
4071,5.902959e-06
4072,5.902959e-06
4073,5.902959e-06
4074,5.902959e-06
4075,5.902959e-06
4076,5.902959e-06
4077,5.902959e-06
4078,5.902959e-06
4079,5.902959e-06
4080,5.902959e-06
4081,5.902959e-06
4082,5.902959e-06
4083,5.902959e-06
4084,5.902959e-06
4085,5.902959e-06
4086,5.902959e-06
4087,5.902959e-06
4088,5.902959e-06
4089,5.902959e-06
4090,5.902959e-06
4091,5.902959e-06
4092,5.902959e-06
4093,5.902959e-06
4094,5.902959e-06
4095,5.902959e-06
4096,5.902959e-06
4097,5.902959e-06
4098,5.902959e-06
4099,5.902959e-06
4100,5.902959e-06
4101,5.902959e-06
4102,5.902959e-06
4103,5.902959e-06
4104,5.902959e-06
4105,5.902959e-06
4106,5.902959e-06
4107,5.902959e-06
4108,5.902959e-06
4109,5.902959e-06
4110,5.902959e-06
4111,5.902959e-06
4112,5.902959e-06
4113,5.902959e-06
4114,5.902959e-06
4115,5.902959e-06
4116,5.902959e-06
4117,5.902959e-06
4118,5.902959e-06
4119,5.902959e-06
4120,5.902959e-06
4121,5.902959e-06
4122,5.902959e-06
4123,5.902959e-06
4124,5.902959e-06
4125,5.902959e-06
4126,5.902959e-06
4127,5.902959e-06
4128,5.902959e-06
4129,5.902959e-06
4130,5.902959e-06
4131,5.902959e-06
4132,5.902959e-06
4133,5.902959e-06
4134,5.902959e-06
4135,5.902959e-06
4136,5.902959e-06
4137,5.902959e-06
4138,5.902959e-06
4139,5.902959e-06
4140,5.902959e-06
4141,5.902959e-06
4142,5.902959e-06
4143,5.902959e-06
4144,5.902959e-06
4145,5.902959e-06
4146,5.902959e-06
4147,5.902959e-06
4148,5.902959e-06
4149,5.902959e-06
4150,5.902959e-06
4151,5.902959e-06
4152,5.902959e-06
4153,5.902959e-06
4154,5.902959e-06
4155,5.902959e-06
4156,5.902959e-06
4157,5.902959e-06
4158,5.902959e-06
4159,5.902959e-06
4160,5.902959e-06
4161,5.902959e-06
4162,5.902959e-06
4163,5.902959e-06
4164,5.902959e-06
4165,5.902959e-06
4166,5.902959e-06
4167,5.902959e-06
4168,5.902959e-06
4169,5.902959e-06
4170,5.902959e-06
4171,5.902959e-06
4172,5.902959e-06
4173,5.902959e-06
4174,5.902959e-06
4175,5.902959e-06
4176,5.902959e-06
4177,5.902959e-06
4178,5.902959e-06
4179,5.902959e-06
4180,5.902959e-06
4181,5.902959e-06
4182,5.902959e-06
4183,5.902959e-06
4184,5.902959e-06
4185,5.902959e-06
4186,5.902959e-06
4187,5.902959e-06
4188,5.902959e-06
4189,5.902959e-06
4190,5.902959e-06
4191,5.902959e-06
4192,5.902959e-06
4193,5.902959e-06
4194,5.902959e-06
4195,5.902959e-06
4196,5.902959e-06
4197,5.902959e-06
4198,5.902959e-06
4199,5.902959e-06
4200,5.902959e-06
4201,5.902959e-06
4202,5.902959e-06
4203,5.902959e-06
4204,5.902959e-06
4205,5.902959e-06
4206,5.902959e-06
4207,5.902959e-06
4208,5.902959e-06
4209,5.902959e-06
4210,5.902959e-06
4211,5.902959e-06
4212,5.902959e-06
4213,5.902959e-06
4214,5.902959e-06
4215,5.902959e-06
4216,5.902959e-06
4217,5.902959e-06
4218,5.902959e-06
4219,5.902959e-06
4220,5.902959e-06
4221,5.902959e-06
4222,5.902959e-06
4223,5.902959e-06
4224,5.902959e-06
4225,5.902959e-06
4226,5.902959e-06
4227,5.902959e-06
4228,5.902959e-06
4229,5.902959e-06
4230,5.902959e-06
4231,5.902959e-06
4232,5.902959e-06
4233,5.902959e-06
4234,5.902959e-06
4235,5.902959e-06
4236,5.902959e-06
4237,5.902959e-06
4238,5.902959e-06
4239,5.902959e-06
4240,5.902959e-06
4241,5.902959e-06
4242,5.902959e-06
4243,5.902959e-06
4244,5.902959e-06
4245,5.902959e-06
4246,5.902959e-06
4247,5.902959e-06
4248,5.902959e-06
4249,5.902959e-06
4250,5.902959e-06
4251,5.902959e-06
4252,5.902959e-06
4253,5.902959e-06
4254,5.902959e-06
4255,5.902959e-06
4256,5.902959e-06
4257,5.902959e-06
4258,5.902959e-06
4259,5.902959e-06
4260,5.902959e-06
4261,5.902959e-06
4262,5.902959e-06
4263,5.902959e-06
4264,5.902959e-06
4265,5.902959e-06
4266,5.902959e-06
4267,5.902959e-06
4268,5.902959e-06
4269,5.902959e-06
4270,5.902959e-06
4271,5.902959e-06
4272,5.902959e-06
4273,5.902959e-06
4274,5.902959e-06
4275,5.902959e-06
4276,5.902959e-06
4277,5.902959e-06
4278,5.902959e-06
4279,5.902959e-06
4280,5.902959e-06
4281,5.902959e-06
4282,5.902959e-06
4283,5.902959e-06
4284,5.902959e-06
4285,5.902959e-06
4286,5.902959e-06
4287,5.902959e-06
4288,5.902959e-06
4289,5.902959e-06
4290,5.902959e-06
4291,5.902959e-06
4292,5.902959e-06
4293,5.902959e-06
4294,5.902959e-06
4295,5.902959e-06
4296,5.902959e-06
4297,5.902959e-06
4298,5.902959e-06
4299,5.902959e-06
4300,5.902959e-06
4301,5.902959e-06
4302,5.902959e-06
4303,5.902959e-06
4304,5.902959e-06
4305,5.902959e-06
4306,5.902959e-06
4307,5.902959e-06
4308,5.902959e-06
4309,5.902959e-06
4310,5.902959e-06
4311,5.902959e-06
4312,5.902959e-06
4313,5.902959e-06
4314,5.902959e-06
4315,5.902959e-06
4316,5.902959e-06
4317,5.902959e-06
4318,5.902959e-06
4319,5.902959e-06
4320,5.902959e-06
4321,5.902959e-06
4322,5.902959e-06
4323,5.902959e-06
4324,5.902959e-06
4325,5.902959e-06
4326,5.902959e-06
4327,5.902959e-06
4328,5.902959e-06
4329,5.902959e-06
4330,5.902959e-06
4331,5.902959e-06
4332,5.902959e-06
4333,5.902959e-06
4334,5.902959e-06
4335,5.902959e-06
4336,5.902959e-06
4337,5.902959e-06
4338,5.902959e-06
4339,5.902959e-06
4340,5.902959e-06
4341,5.902959e-06
4342,5.902959e-06
4343,5.902959e-06
4344,5.902959e-06
4345,5.902959e-06
4346,5.902959e-06
4347,5.902959e-06
4348,5.902959e-06
4349,5.902959e-06
4350,5.902959e-06
4351,5.902959e-06
4352,5.902959e-06
4353,5.902959e-06
4354,5.902959e-06
4355,5.902959e-06
4356,5.902959e-06
4357,5.902959e-06
4358,5.902959e-06
4359,5.902959e-06
4360,5.902959e-06
4361,5.902959e-06
4362,5.902959e-06
4363,5.902959e-06
4364,5.902959e-06
4365,5.902959e-06
4366,5.902959e-06
4367,5.902959e-06
4368,5.902959e-06
4369,5.902959e-06
4370,5.902959e-06
4371,5.902959e-06
4372,5.902959e-06
4373,5.902959e-06
4374,5.902959e-06
4375,5.902959e-06
4376,5.902959e-06
4377,5.902959e-06
4378,5.902959e-06
4379,5.902959e-06
4380,5.902959e-06
4381,5.902959e-06
4382,5.902959e-06
4383,5.902959e-06
4384,5.902959e-06
4385,5.902959e-06
4386,5.902959e-06
4387,5.902959e-06
4388,5.902959e-06
4389,5.902959e-06
4390,5.902959e-06
4391,5.902959e-06
4392,5.902959e-06
4393,5.902959e-06
4394,5.902959e-06
4395,5.902959e-06
4396,5.902959e-06
4397,5.902959e-06
4398,5.902959e-06
4399,5.902959e-06
4400,5.902959e-06
4401,5.902959e-06
4402,5.902959e-06
4403,5.902959e-06
4404,5.902959e-06
4405,5.902959e-06
4406,5.902959e-06
4407,5.902959e-06
4408,5.902959e-06
4409,5.902959e-06
4410,5.902959e-06
4411,5.902959e-06
4412,5.902959e-06
4413,5.902959e-06
4414,5.902959e-06
4415,5.902959e-06
4416,5.902959e-06
4417,5.902959e-06
4418,5.902959e-06
4419,5.902959e-06
4420,5.902959e-06
4421,5.902959e-06
4422,5.902959e-06
4423,5.902959e-06
4424,5.902959e-06
4425,5.902959e-06
4426,5.902959e-06
4427,5.902959e-06
4428,5.902959e-06
4429,5.902959e-06
4430,5.902959e-06
4431,5.902959e-06
4432,5.902959e-06
4433,5.902959e-06
4434,5.902959e-06
4435,5.902959e-06
4436,5.902959e-06
4437,5.902959e-06
4438,5.902959e-06
4439,5.902959e-06
4440,5.902959e-06
4441,5.902959e-06
4442,5.902959e-06
4443,5.902959e-06
4444,5.902959e-06
4445,5.902959e-06
4446,5.902959e-06
4447,5.902959e-06
4448,5.902959e-06
4449,5.902959e-06
4450,5.902959e-06
4451,5.902959e-06
4452,5.902959e-06
4453,5.902959e-06
4454,5.902959e-06
4455,5.902959e-06
4456,5.902959e-06
4457,5.902959e-06
4458,5.902959e-06
4459,5.902959e-06
4460,5.902959e-06
4461,5.902959e-06
4462,5.902959e-06
4463,5.902959e-06
4464,5.902959e-06
4465,5.902959e-06
4466,5.902959e-06
4467,5.902959e-06
4468,5.902959e-06
4469,5.902959e-06
4470,5.902959e-06
4471,5.902959e-06
4472,5.902959e-06
4473,5.902959e-06
4474,5.902959e-06
4475,5.902959e-06
4476,5.902959e-06
4477,5.902959e-06
4478,5.902959e-06
4479,5.902959e-06
4480,5.902959e-06
4481,5.902959e-06
4482,5.902959e-06
4483,5.902959e-06
4484,5.902959e-06
4485,5.902959e-06
4486,5.902959e-06
4487,5.902959e-06
4488,5.902959e-06
4489,5.902959e-06
4490,5.902959e-06
4491,5.902959e-06
4492,5.902959e-06
4493,5.902959e-06
4494,5.902959e-06
4495,5.902959e-06
4496,5.902959e-06
4497,5.902959e-06
4498,5.902959e-06
4499,5.902959e-06
4500,5.902959e-06
4501,5.902959e-06
4502,5.902959e-06
4503,5.902959e-06
4504,5.902959e-06
4505,5.902959e-06
4506,5.902959e-06
4507,5.902959e-06
4508,5.902959e-06
4509,5.902959e-06
4510,5.902959e-06
4511,5.902959e-06
4512,5.902959e-06
4513,5.902959e-06
4514,5.902959e-06
4515,5.902959e-06
4516,5.902959e-06
4517,5.902959e-06
4518,5.902959e-06
4519,5.902959e-06
4520,5.902959e-06
4521,5.902959e-06
4522,5.902959e-06
4523,5.902959e-06
4524,5.902959e-06
4525,5.902959e-06
4526,5.902959e-06
4527,5.902959e-06
4528,5.902959e-06
4529,5.902959e-06
4530,5.902959e-06
4531,5.902959e-06
4532,5.902959e-06
4533,5.902959e-06
4534,5.902959e-06
4535,5.902959e-06
4536,5.902959e-06
4537,5.902959e-06
4538,5.902959e-06
4539,5.902959e-06
4540,5.902959e-06
4541,5.902959e-06
4542,5.902959e-06
4543,5.902959e-06
4544,5.902959e-06
4545,5.902959e-06
4546,5.902959e-06
4547,5.902959e-06
4548,5.902959e-06
4549,5.902959e-06
4550,5.902959e-06
4551,5.902959e-06
4552,5.902959e-06
4553,5.902959e-06
4554,5.902959e-06
4555,5.902959e-06
4556,5.902959e-06
4557,5.902959e-06
4558,5.902959e-06
4559,5.902959e-06
4560,5.902959e-06
4561,5.902959e-06
4562,5.902959e-06
4563,5.902959e-06
4564,5.902959e-06
4565,5.902959e-06
4566,5.902959e-06
4567,5.902959e-06
4568,5.902959e-06
4569,5.902959e-06
4570,5.902959e-06
4571,5.902959e-06
4572,5.902959e-06
4573,5.902959e-06
4574,5.902959e-06
4575,5.902959e-06
4576,5.902959e-06
4577,5.902959e-06
4578,5.902959e-06
4579,5.902959e-06
4580,5.902959e-06
4581,5.902959e-06
4582,5.902959e-06
4583,5.902959e-06
4584,5.902959e-06
4585,5.902959e-06
4586,5.902959e-06
4587,5.902959e-06
4588,5.902959e-06
4589,5.902959e-06
4590,5.902959e-06
4591,5.902959e-06
4592,5.902959e-06
4593,5.902959e-06
4594,5.902959e-06
4595,5.902959e-06
4596,5.902959e-06
4597,5.902959e-06
4598,5.902959e-06
4599,5.902959e-06
4600,5.902959e-06
4601,5.902959e-06
4602,5.902959e-06
4603,5.902959e-06
4604,5.902959e-06
4605,5.902959e-06
4606,5.902959e-06
4607,5.902959e-06
4608,5.902959e-06
4609,5.902959e-06
4610,5.902959e-06
4611,5.902959e-06
4612,5.902959e-06
4613,5.902959e-06
4614,5.902959e-06
4615,5.902959e-06
4616,5.902959e-06
4617,5.902959e-06
4618,5.902959e-06
4619,5.902959e-06
4620,5.902959e-06
4621,5.902959e-06
4622,5.902959e-06
4623,5.902959e-06
4624,5.902959e-06
4625,5.902959e-06
4626,5.902959e-06
4627,5.902959e-06
4628,5.902959e-06
4629,5.902959e-06
4630,5.902959e-06
4631,5.902959e-06
4632,5.902959e-06
4633,5.902959e-06
4634,5.902959e-06
4635,5.902959e-06
4636,5.902959e-06
4637,5.902959e-06
4638,5.902959e-06
4639,5.902959e-06
4640,5.902959e-06
4641,5.902959e-06
4642,5.902959e-06
4643,5.902959e-06
4644,5.902959e-06
4645,5.902959e-06
4646,5.902959e-06
4647,5.902959e-06
4648,5.902959e-06
4649,5.902959e-06
4650,5.902959e-06
4651,5.902959e-06
4652,5.902959e-06
4653,5.902959e-06
4654,5.902959e-06
4655,5.902959e-06
4656,5.902959e-06
4657,5.902959e-06
4658,5.902959e-06
4659,5.902959e-06
4660,5.902959e-06
4661,5.902959e-06
4662,5.902959e-06
4663,5.902959e-06
4664,5.902959e-06
4665,5.902959e-06
4666,5.902959e-06
4667,5.902959e-06
4668,5.902959e-06
4669,5.902959e-06
4670,5.902959e-06
4671,5.902959e-06
4672,5.902959e-06
4673,5.902959e-06
4674,5.902959e-06
4675,5.902959e-06
4676,5.902959e-06
4677,5.902959e-06
4678,5.902959e-06
4679,5.902959e-06
4680,5.902959e-06
4681,5.902959e-06
4682,5.902959e-06
4683,5.902959e-06
4684,5.902959e-06
4685,5.902959e-06
4686,5.902959e-06
4687,5.902959e-06
4688,5.902959e-06
4689,5.902959e-06
4690,5.902959e-06
4691,5.902959e-06
4692,5.902959e-06
4693,5.902959e-06
4694,5.902959e-06
4695,5.902959e-06
4696,5.902959e-06
4697,5.902959e-06
4698,5.902959e-06
4699,5.902959e-06
4700,5.902959e-06
4701,5.902959e-06
4702,5.902959e-06
4703,5.902959e-06
4704,5.902959e-06
4705,5.902959e-06
4706,5.902959e-06
4707,5.902959e-06
4708,5.902959e-06
4709,5.902959e-06
4710,5.902959e-06
4711,5.902959e-06
4712,5.902959e-06
4713,5.902959e-06
4714,5.902959e-06
4715,5.902959e-06
4716,5.902959e-06
4717,5.902959e-06
4718,5.902959e-06
4719,5.902959e-06
4720,5.902959e-06
4721,5.902959e-06
4722,5.902959e-06
4723,5.902959e-06
4724,5.902959e-06
4725,5.902959e-06
4726,5.902959e-06
4727,5.902959e-06
4728,5.902959e-06
4729,5.902959e-06
4730,5.902959e-06
4731,5.902959e-06
4732,5.902959e-06
4733,5.902959e-06
4734,5.902959e-06
4735,5.902959e-06
4736,5.902959e-06
4737,5.902959e-06
4738,5.902959e-06
4739,5.902959e-06
4740,5.902959e-06
4741,5.902959e-06
4742,5.902959e-06
4743,5.902959e-06
4744,5.902959e-06
4745,5.902959e-06
4746,5.902959e-06
4747,5.902959e-06
4748,5.902959e-06
4749,5.902959e-06
4750,5.902959e-06
4751,5.902959e-06
4752,5.902959e-06
4753,5.902959e-06
4754,5.902959e-06
4755,5.902959e-06
4756,5.902959e-06
4757,5.902959e-06
4758,5.902959e-06
4759,5.902959e-06
4760,5.902959e-06
4761,5.902959e-06
4762,5.902959e-06
4763,5.902959e-06
4764,5.902959e-06
4765,5.902959e-06
4766,5.902959e-06
4767,5.902959e-06
4768,5.902959e-06
4769,5.902959e-06
4770,5.902959e-06
4771,5.902959e-06
4772,5.902959e-06
4773,5.902959e-06
4774,5.902959e-06
4775,5.902959e-06
4776,5.902959e-06
4777,5.902959e-06
4778,5.902959e-06
4779,5.902959e-06
4780,5.902959e-06
4781,5.902959e-06
4782,5.902959e-06
4783,5.902959e-06
4784,5.902959e-06
4785,5.902959e-06
4786,5.902959e-06
4787,5.902959e-06
4788,5.902959e-06
4789,5.902959e-06
4790,5.902959e-06
4791,5.902959e-06
4792,5.902959e-06
4793,5.902959e-06
4794,5.902959e-06
4795,5.902959e-06
4796,5.902959e-06
4797,5.902959e-06
4798,5.902959e-06
4799,5.902959e-06
4800,5.902959e-06
4801,5.902959e-06
4802,5.902959e-06
4803,5.902959e-06
4804,5.902959e-06
4805,5.902959e-06
4806,5.902959e-06
4807,5.902959e-06
4808,5.902959e-06
4809,5.902959e-06
4810,5.902959e-06
4811,5.902959e-06
4812,5.902959e-06
4813,5.902959e-06
4814,5.902959e-06
4815,5.902959e-06
4816,5.902959e-06
4817,5.902959e-06
4818,5.902959e-06
4819,5.902959e-06
4820,5.902959e-06
4821,5.902959e-06
4822,5.902959e-06
4823,5.902959e-06
4824,5.902959e-06
4825,5.902959e-06
4826,5.902959e-06
4827,5.902959e-06
4828,5.902959e-06
4829,5.902959e-06
4830,5.902959e-06
4831,5.902959e-06
4832,5.902959e-06
4833,5.902959e-06
4834,5.902959e-06
4835,5.902959e-06
4836,5.902959e-06
4837,5.902959e-06
4838,5.902959e-06
4839,5.902959e-06
4840,5.902959e-06
4841,5.902959e-06
4842,5.902959e-06
4843,5.902959e-06
4844,5.902959e-06
4845,5.902959e-06
4846,5.902959e-06
4847,5.902959e-06
4848,5.902959e-06
4849,5.902959e-06
4850,5.902959e-06
4851,5.902959e-06
4852,5.902959e-06
4853,5.902959e-06
4854,5.902959e-06
4855,5.902959e-06
4856,5.902959e-06
4857,5.902959e-06
4858,5.902959e-06
4859,5.902959e-06
4860,5.902959e-06
4861,5.902959e-06
4862,5.902959e-06
4863,5.902959e-06
4864,5.902959e-06
4865,5.902959e-06
4866,5.902959e-06
4867,5.902959e-06
4868,5.902959e-06
4869,5.902959e-06
4870,5.902959e-06
4871,5.902959e-06
4872,5.902959e-06
4873,5.902959e-06
4874,5.902959e-06
4875,5.902959e-06
4876,5.902959e-06
4877,5.902959e-06
4878,5.902959e-06
4879,5.902959e-06
4880,5.902959e-06
4881,5.902959e-06
4882,5.902959e-06
4883,5.902959e-06
4884,5.902959e-06
4885,5.902959e-06
4886,5.902959e-06
4887,5.902959e-06
4888,5.902959e-06
4889,5.902959e-06
4890,5.902959e-06
4891,5.902959e-06
4892,5.902959e-06
4893,5.902959e-06
4894,5.902959e-06
4895,5.902959e-06
4896,5.902959e-06
4897,5.902959e-06
4898,5.902959e-06
4899,5.902959e-06
4900,5.902959e-06
4901,5.902959e-06
4902,5.902959e-06
4903,5.902959e-06
4904,5.902959e-06
4905,5.902959e-06
4906,5.902959e-06
4907,5.902959e-06
4908,5.902959e-06
4909,5.902959e-06
4910,5.902959e-06
4911,5.902959e-06
4912,5.902959e-06
4913,5.902959e-06
4914,5.902959e-06
4915,5.902959e-06
4916,5.902959e-06
4917,5.902959e-06
4918,5.902959e-06
4919,5.902959e-06
4920,5.902959e-06
4921,5.902959e-06
4922,5.902959e-06
4923,5.902959e-06
4924,5.902959e-06
4925,5.902959e-06
4926,5.902959e-06
4927,5.902959e-06
4928,5.902959e-06
4929,5.902959e-06
4930,5.902959e-06
4931,5.902959e-06
4932,5.902959e-06
4933,5.902959e-06
4934,5.902959e-06
4935,5.902959e-06
4936,5.902959e-06
4937,5.902959e-06
4938,5.902959e-06
4939,5.902959e-06
4940,5.902959e-06
4941,5.902959e-06
4942,5.902959e-06
4943,5.902959e-06
4944,5.902959e-06
4945,5.902959e-06
4946,5.902959e-06
4947,5.902959e-06
4948,5.902959e-06
4949,5.902959e-06
4950,5.902959e-06
4951,5.902959e-06
4952,5.902959e-06
4953,5.902959e-06
4954,5.902959e-06
4955,5.902959e-06
4956,5.902959e-06
4957,5.902959e-06
4958,5.902959e-06
4959,5.902959e-06
4960,5.902959e-06
4961,5.902959e-06
4962,5.902959e-06
4963,5.902959e-06
4964,5.902959e-06
4965,5.902959e-06
4966,5.902959e-06
4967,5.902959e-06
4968,5.902959e-06
4969,5.902959e-06
4970,5.902959e-06
4971,5.902959e-06
4972,5.902959e-06
4973,5.902959e-06
4974,5.902959e-06
4975,5.902959e-06
4976,5.902959e-06
4977,5.902959e-06
4978,5.902959e-06
4979,5.902959e-06
4980,5.902959e-06
4981,5.902959e-06
4982,5.902959e-06
4983,5.902959e-06
4984,5.902959e-06
4985,5.902959e-06
4986,5.902959e-06
4987,5.902959e-06
4988,5.902959e-06
4989,5.902959e-06
4990,5.902959e-06
4991,5.902959e-06
4992,5.902959e-06
4993,5.902959e-06
4994,5.902959e-06
4995,5.902959e-06
4996,5.902959e-06
4997,5.902959e-06
4998,4.722367e-06
4999,4.722367e-06
